index,name,strike_accuracy,takedown_accuracy,connected_strikes_per_minute,absorved_strikes_per_minute,strikes_defense,takedown_defense,takedown_avg,submission_avg,knockdown_avg,avg_fight_time,weight,height,reach,division,age,Wins,Losses,win_by_ko_tko_win,win_by_ko_tko_win_percent,win_by_dec_win,win_by_dec_win_percent,win_by_sub_win,win_by_sub_win_percent
1.0,Hamdy Abdelwahab,0.52,0.8,3.4,3.87,0.51,1.0,2.0,0.0,0.5,15.0,260.0,74.0,72.0,Heavyweight Division,32.0,6,0,5.0,1.0,0.0,0.0,0.0,0.0
3.0,Ricardo Abreu,0.32,0.43,3.79,3.98,0.68,1.0,2.13,0.71,1.42,10.55,183.0,71.0,73.0,Middleweight Division,39.0,5,-1,3.0,0.6,0.0,0.0,2.0,0.4
4.0,Israel Adesanya,0.48,0.11,4.02,3.2,0.56,0.77,0.05,0.14,0.62,17.58,185.0,76.0,80.0,Middleweight Division,35.0,24,-5,16.0,0.67,8.0,0.33,0.0,0.0
6.0,Jesus Aguilar,0.46,0.35,1.73,1.1,0.59,0.4,1.83,1.83,0.3,8.2,125.5,64.0,62.5,Flyweight Division,28.0,11,-3,1.0,0.09,3.0,0.27,7.0,0.64
7.0,Abdul-Kareem Al-Selwady,0.35,0.31,4.14,3.6,0.59,0.2,2.32,0.0,0.0,12.92,155.0,68.0,69.0,Lightweight Division,29.0,15,-4,8.0,0.53,5.0,0.33,2.0,0.13
9.0,Amir Albazi,0.35,0.32,2.72,3.71,0.62,0.5,1.39,0.52,0.35,14.42,125.5,65.0,68.0,Flyweight Division,31.0,17,-2,5.0,0.29,3.0,0.18,9.0,0.53
10.0,Irene Aldana,0.4,0.5,5.19,6.64,0.56,0.78,0.15,0.22,0.22,14.65,136.0,69.0,68.5,Women's Bantamweight Division,36.0,15,-8,8.0,0.53,4.0,0.27,3.0,0.2
11.0,Jose Alday,0.44,0.0,3.13,3.13,0.59,0.57,0.0,0.0,0.0,15.0,136.0,67.0,68.0,Bantamweight Division,31.0,0,-1,0.0,0.0,0.0,0.0,0.0,0.0
12.0,José Aldo,0.47,0.54,3.62,3.72,0.61,0.93,0.49,0.14,0.39,14.25,136.0,67.0,70.0,Bantamweight Division,38.0,32,-9,17.0,0.53,14.0,0.44,1.0,0.03
14.0,Talita Alencar,0.28,0.14,2.49,4.8,0.53,0.5,2.0,0.0,0.0,15.0,123.1,61.0,58.5,Women's Strawweight Division,33.0,5,-1,0.0,0.0,2.0,0.4,3.0,0.6
15.0,Lucas Alexander,0.57,0.0,4.69,2.87,0.57,0.6,0.0,0.0,0.54,6.98,148.5,71.0,73.0,Featherweight Division,29.0,8,-5,3.0,0.38,5.0,0.63,0.0,0.0
16.0,Marcio Alexandre,0.45,0.2,1.61,2.89,0.42,0.67,0.35,0.71,0.0,10.57,186.0,73.0,75.0,Middleweight Division,34.0,13,-3,10.0,0.77,1.0,0.08,2.0,0.15
17.0,Abdul Razak Alhassan,0.5,0.33,3.64,4.01,0.55,0.52,0.84,0.17,1.85,5.97,185.5,70.0,73.0,Middleweight Division,39.0,12,-7,12.0,1.0,0.0,0.0,0.0,0.0
21.0,Arnold Allen,0.42,0.48,3.45,2.88,0.62,0.75,0.93,0.34,0.25,13.62,145.0,68.0,70.0,Featherweight Division,31.0,20,-3,7.0,0.35,9.0,0.45,4.0,0.2
22.0,Brendan Allen,0.54,0.39,3.79,3.83,0.46,0.59,1.67,1.3,0.37,10.08,201.8,74.0,75.0,Middleweight Division,29.0,24,-6,5.0,0.21,5.0,0.21,14.0,0.58
25.0,Cesar Almeida,0.59,0.0,4.16,2.32,0.48,0.6,0.0,0.27,0.27,11.3,185.5,73.0,74.0,Middleweight Division,36.0,7,-1,5.0,0.71,2.0,0.29,0.0,0.0
26.0,Jailton Almeida,0.66,0.6,2.62,0.89,0.42,0.6,6.58,2.41,0.0,6.83,235.0,75.0,79.0,Heavyweight Division,33.0,22,-3,8.0,0.36,1.0,0.05,13.0,0.59
28.0,Jaime Alvarez,0.4,0.33,2.73,4.53,0.57,0.5,1.0,0.0,0.0,15.0,125.0,68.0,69.0,Flyweight Division,35.0,7,-1,4.0,0.57,2.0,0.29,1.0,0.14
29.0,Joel Álvarez,0.54,0.0,4.51,3.32,0.51,0.4,0.0,1.18,0.24,7.07,156.0,74.0,77.0,Lightweight Division,31.0,22,-3,5.0,0.23,0.0,0.0,17.0,0.77
31.0,Hyder Amil,0.57,0.33,6.31,2.23,0.62,0.78,0.64,1.93,0.64,7.77,160.0,69.0,70.0,Featherweight Division,34.0,10,0,6.0,0.6,3.0,0.3,1.0,0.1
33.0,Eryk Anders,0.48,0.25,3.54,4.05,0.51,0.8,1.71,0.07,0.48,12.18,193.0,73.0,75.0,Middleweight Division,37.0,17,-8,10.0,0.59,6.0,0.35,1.0,0.06
34.0,Jéssica Andrade,0.5,0.55,6.44,5.51,0.55,0.72,2.23,0.34,0.39,9.6,124.5,61.5,62.0,Women's Flyweight Division,33.0,26,-13,10.0,0.38,8.0,0.31,8.0,0.31
36.0,Julius Anglickas,0.78,0.5,4.62,1.86,0.51,0.6,4.47,1.12,0.0,13.42,206.0,75.0,75.0,Light Heavyweight Division,31.0,0,0,0.0,0.0,0.0,0.0,0.0,0.0
37.0,Chad Anheliger,0.46,0.31,3.11,2.76,0.54,0.38,0.68,0.51,0.51,14.73,135.0,66.0,64.5,Bantamweight Division,38.0,13,-8,7.0,0.54,3.0,0.23,3.0,0.23
38.0,Magomed Ankalaev,0.53,0.31,3.64,2.37,0.59,0.87,0.92,0.0,0.65,11.62,204.5,75.0,75.0,Light Heavyweight Division,32.0,20,-1,11.0,0.55,9.0,0.45,0.0,0.0
39.0,Nina Nunes,0.45,0.33,4.39,3.47,0.56,0.74,0.24,0.49,0.0,13.72,125.5,65.0,64.0,Women's Flyweight Division,37.0,11,-7,4.0,0.4,4.0,0.4,2.0,0.2
40.0,Aoriqileng,0.5,0.47,4.65,5.46,0.49,0.58,1.2,0.0,0.34,10.92,146.0,67.0,69.0,Bantamweight Division,31.0,25,-11,8.0,0.32,16.0,0.64,1.0,0.04
42.0,Viviane Araújo,0.48,0.43,4.04,4.87,0.57,0.8,1.86,0.65,0.08,15.48,125.6,64.0,68.0,Women's Flyweight Division,38.0,13,-6,3.0,0.23,6.0,0.46,4.0,0.31
43.0,Julio Arce,0.36,0.29,4.36,3.05,0.68,0.96,0.46,0.35,0.35,11.8,160.0,67.0,70.0,Featherweight Division,34.0,19,-6,6.0,0.3,9.0,0.45,5.0,0.25
44.0,Alice Ardelean,0.45,0.4,4.97,4.97,0.53,1.0,1.0,0.0,0.0,15.0,115.0,63.0,62.0,Women's Strawweight Division,32.0,9,-7,4.0,0.44,1.0,0.11,4.0,0.44
46.0,Garrett Armfield,0.54,0.5,5.35,3.64,0.56,0.65,1.1,0.55,0.55,10.87,135.0,66.0,70.0,Bantamweight Division,28.0,10,-5,6.0,0.6,1.0,0.1,3.0,0.3
49.0,Yanal Ashmouz,0.5,0.5,2.94,4.54,0.56,0.6,4.8,0.0,0.0,10.42,154.5,69.0,68.0,Lightweight Division,29.0,8,-1,4.0,0.5,2.0,0.25,2.0,0.25
52.0,Tom Aspinall,0.67,1.0,8.07,2.89,0.65,1.0,3.27,1.63,4.09,2.03,255.0,77.0,78.0,Heavyweight Division,31.0,15,-3,12.0,0.8,0.0,0.0,3.0,0.2
54.0,Julia Avila,0.42,0.38,2.81,3.28,0.56,0.53,0.63,0.21,0.21,11.82,135.5,67.0,68.0,Women's Bantamweight Division,36.0,9,-4,4.0,0.44,3.0,0.33,2.0,0.22
57.0,Melsik Baghdasaryan,0.61,0.0,5.28,3.06,0.58,0.73,0.0,0.0,0.25,11.77,160.0,69.0,70.0,Featherweight Division,33.0,8,-2,5.0,0.63,3.0,0.38,0.0,0.0
58.0,Ignacio Bahamondes,0.47,0.0,7.17,4.41,0.57,0.86,0.0,0.35,0.87,10.83,171.0,75.0,75.5,Lightweight Division,27.0,16,-5,11.0,0.69,4.0,0.25,1.0,0.06
59.0,Shauna Bannon,0.42,0.0,4.37,3.77,0.42,0.43,0.0,0.0,0.0,15.0,123.9,65.0,65.0,Women's Strawweight Division,30.0,6,-1,2.0,0.4,3.0,0.6,0.0,0.0
61.0,Maycee Barber,0.53,0.44,4.7,2.9,0.55,0.54,1.44,0.1,0.0,12.17,125.0,65.0,65.0,Women's Flyweight Division,26.0,14,-2,6.0,0.46,5.0,0.38,2.0,0.15
62.0,Bryan Barberena,0.48,0.22,5.35,4.59,0.44,0.5,0.13,0.27,0.4,11.72,198.0,72.0,72.5,Middleweight Division,34.0,18,-12,11.0,0.61,5.0,0.28,2.0,0.11
63.0,Dione Barbosa,0.49,0.29,1.85,2.49,0.66,0.43,1.73,2.17,0.0,11.53,135.0,66.0,65.5,Women's Flyweight Division,32.0,7,-3,0.0,0.0,4.0,0.57,3.0,0.43
64.0,Edson Barboza,0.44,0.5,4.11,4.65,0.56,0.73,0.45,0.08,0.66,12.2,145.5,71.0,75.0,Featherweight Division,39.0,24,-12,14.0,0.61,8.0,0.35,1.0,0.04
65.0,Raoni Barcelos,0.53,0.37,5.11,4.64,0.6,0.82,2.46,0.69,0.49,12.68,135.5,67.5,67.0,Bantamweight Division,37.0,19,-5,8.0,0.42,8.0,0.42,3.0,0.16
66.0,Daniel Barez,0.52,0.31,4.1,5.05,0.57,0.92,2.24,0.9,0.9,11.15,138.0,66.0,66.0,Flyweight Division,35.0,17,-6,7.0,0.41,4.0,0.24,6.0,0.35
67.0,Danny Barlow,0.51,0.0,5.72,3.48,0.52,1.0,0.0,0.0,0.54,9.2,171.3,74.0,79.0,Welterweight Division,29.0,9,0,5.0,0.63,2.0,0.25,1.0,0.13
68.0,Shonte Barnes,0.38,0.0,2.32,1.55,0.68,0.6,0.0,0.0,0.0,7.77,185.0,71.0,76.0,Middleweight Division,36.0,0,-1,0.0,0.0,0.0,0.0,0.0,0.0
69.0,James Barnes,0.35,0.17,0.57,3.02,0.39,0.4,1.08,0.0,0.0,7.82,135.0,68.0,71.0,Bantamweight Division,41.0,0,-1,0.0,0.0,0.0,0.0,0.0,0.0
70.0,Chris Barnett,0.47,0.0,4.21,6.53,0.39,0.33,0.0,0.0,0.39,7.6,264.0,69.0,75.0,Heavyweight Division,38.0,23,-9,18.0,0.78,5.0,0.22,0.0,0.0
71.0,Marc-Andre Barriault,0.48,0.25,5.98,5.58,0.52,0.67,0.21,0.1,0.31,10.33,185.0,73.0,74.0,Middleweight Division,34.0,16,-9,10.0,0.63,5.0,0.31,1.0,0.06
72.0,Farid Basharat,0.55,0.45,4.36,2.57,0.6,0.8,3.97,0.47,0.0,12.85,137.0,68.0,71.0,Featherweight Division,27.0,13,0,1.0,0.08,6.0,0.46,6.0,0.46
73.0,Javid Basharat,0.54,0.41,5.42,2.97,0.62,0.86,1.7,0.19,0.0,13.25,148.8,69.0,69.0,Bantamweight Division,29.0,14,-1,5.0,0.36,3.0,0.21,6.0,0.43
74.0,Austin Bashi,0.49,0.39,1.94,2.71,0.47,0.63,8.39,1.29,0.0,11.63,145.5,66.0,70.0,Featherweight Division,23.0,13,-1,3.0,0.23,5.0,0.38,5.0,0.38
75.0,Bryan Battle,0.53,0.17,5.12,4.11,0.44,0.54,0.77,0.39,0.39,8.62,175.0,73.0,77.0,Welterweight Division,30.0,13,-2,4.0,0.31,3.0,0.23,6.0,0.46
76.0,Mario Bautista,0.47,0.33,5.33,3.91,0.54,0.67,1.92,0.89,0.15,9.23,136.0,69.0,72.0,Bantamweight Division,31.0,15,-2,3.0,0.2,6.0,0.4,6.0,0.4
78.0,Rolando Bedoya,0.49,0.0,7.29,6.38,0.53,0.33,0.0,0.0,0.0,15.0,163.6,71.0,74.0,Lightweight Division,27.0,14,-4,4.0,0.29,7.0,0.5,3.0,0.21
81.0,Diana Belbita,0.43,0.63,6.54,6.55,0.52,0.66,0.91,0.0,0.18,11.82,116.0,67.0,68.0,Women's Flyweight Division,28.0,15,-9,6.0,0.43,4.0,0.29,4.0,0.29
83.0,Rodolfo Bellato,0.62,0.3,6.28,6.31,0.46,1.0,1.06,0.35,0.35,10.67,205.0,75.0,77.5,Light Heavyweight Division,29.0,12,-2,7.0,0.58,1.0,0.08,4.0,0.33
84.0,Joseph Benavidez,0.35,0.31,3.52,2.67,0.61,0.62,1.41,0.59,0.36,11.38,125.5,64.0,65.0,Flyweight Division,40.0,28,-8,8.0,0.29,11.0,0.39,9.0,0.32
87.0,Michael Bisping,0.38,0.43,4.33,2.71,0.65,0.63,1.05,0.32,0.4,11.62,186.0,73.0,75.5,Middleweight Division,44.0,31,-9,0.0,0.0,0.0,0.0,0.0,0.0
89.0,Jan Błachowicz,0.5,0.5,3.41,2.91,0.53,0.69,1.09,0.34,0.34,13.1,205.0,74.0,78.0,Light Heavyweight Division,41.0,29,-10,9.0,0.31,11.0,0.38,9.0,0.31
91.0,Da'Mon Blackshear,0.47,0.38,4.3,4.06,0.49,0.68,2.17,1.44,0.0,8.9,135.5,70.0,72.0,Bantamweight Division,30.0,15,-7,2.0,0.13,3.0,0.2,10.0,0.67
92.0,Erin Blanchfield,0.44,0.32,5.24,4.21,0.59,0.8,1.86,0.8,0.0,14.12,125.5,64.0,66.0,Women's Flyweight Division,25.0,13,-2,2.0,0.15,7.0,0.54,4.0,0.31
93.0,Curtis Blaydes,0.5,0.53,3.54,1.91,0.59,0.32,5.69,0.0,0.18,8.6,256.0,76.0,80.0,Heavyweight Division,34.0,18,-5,13.0,0.72,5.0,0.28,0.0,0.0
94.0,Tereza Bleda,0.53,0.28,3.02,1.86,0.47,0.83,1.81,0.72,0.36,13.82,125.0,69.0,71.0,Women's Flyweight Division,21.0,7,-1,2.0,0.29,3.0,0.43,2.0,0.29
96.0,Tim Boetsch,0.51,0.34,2.93,2.9,0.57,0.59,1.45,0.76,0.48,9.03,185.0,72.0,74.0,Middleweight Division,42.0,21,-13,13.0,0.62,5.0,0.24,3.0,0.14
97.0,Mandy Böhm,0.45,0.18,2.51,3.24,0.6,0.75,0.72,0.72,0.0,13.97,126.0,67.0,71.0,Women's Flyweight Division,33.0,8,-2,2.0,0.29,3.0,0.43,2.0,0.29
98.0,Gaston Bolanos,0.51,1.0,3.74,2.57,0.52,0.43,0.78,0.0,0.0,12.83,135.5,67.0,69.0,Bantamweight Division,32.0,8,-4,6.0,0.75,2.0,0.25,0.0,0.0
99.0,Denys Bondar,0.51,0.58,4.59,5.16,0.57,0.63,3.99,0.0,0.0,8.78,136.7,66.0,69.0,Flyweight Division,31.0,14,-5,4.0,0.29,1.0,0.07,9.0,0.64
100.0,Ismael Bonfim,0.55,0.33,5.73,3.1,0.71,0.77,0.96,0.0,0.64,9.42,156.0,68.0,71.5,Lightweight Division,29.0,20,-5,9.0,0.45,7.0,0.35,4.0,0.2
101.0,Kevin Borjas,0.4,0.0,4.92,6.7,0.49,0.61,0.0,0.0,0.0,12.2,141.1,65.0,68.0,Flyweight Division,26.0,9,-3,8.0,0.89,1.0,0.11,0.0,0.0
102.0,Caio Borralho,0.6,0.6,3.61,2.34,0.63,0.77,1.56,0.52,0.52,12.85,186.0,73.5,75.0,Middleweight Division,32.0,17,-1,5.0,0.29,8.0,0.47,4.0,0.24
104.0,Viacheslav Borshchev,0.54,0.0,5.25,4.77,0.57,0.43,0.0,0.15,0.75,11.1,156.0,71.0,69.0,Lightweight Division,33.0,8,-5,6.0,0.75,2.0,0.25,0.0,0.0
107.0,Sean Brady,0.55,0.52,4.09,3.18,0.6,0.86,3.49,0.94,0.13,13.97,171.0,70.0,72.0,Welterweight Division,32.0,17,-1,3.0,0.18,9.0,0.53,5.0,0.29
108.0,Ramiz Brahimaj,0.45,0.36,2.26,4.04,0.44,0.44,1.51,1.51,0.3,8.27,170.2,70.0,72.0,Welterweight Division,32.0,11,-5,1.0,0.09,0.0,0.0,10.0,0.91
109.0,Bruna Brasil,0.59,0.67,2.77,4.14,0.48,0.54,1.55,0.0,0.19,12.88,125.5,66.0,65.5,Women's Flyweight Division,31.0,10,-5,3.0,0.3,5.0,0.5,2.0,0.2
110.0,Elves Brener,0.48,0.24,3.99,5.3,0.48,0.76,1.23,0.0,0.49,12.18,167.0,70.0,72.5,Lightweight Division,26.0,16,-5,3.0,0.19,2.0,0.13,11.0,0.69
113.0,Joanderson Brito,0.5,0.68,3.02,2.7,0.45,0.73,3.08,0.95,0.24,7.92,167.5,68.0,72.0,Featherweight Division,29.0,17,-4,8.0,0.47,2.0,0.12,7.0,0.41
114.0,Randy Brown,0.47,0.39,4.35,3.24,0.54,0.73,0.81,0.59,0.37,10.68,171.0,75.0,78.0,Welterweight Division,34.0,19,-6,7.0,0.37,7.0,0.37,5.0,0.26
115.0,Matt Brown,0.55,0.47,3.76,2.92,0.55,0.64,1.68,1.3,0.6,9.22,170.0,72.0,75.0,Welterweight Division,42.0,26,-19,17.0,0.65,2.0,0.08,7.0,0.27
116.0,Travis Browne,0.41,0.69,2.93,4.31,0.43,0.75,1.21,0.22,0.66,8.03,247.5,78.5,79.0,Heavyweight Division,40.0,18,-7,0.0,0.0,0.0,0.0,0.0,0.0
117.0,Cody Brundage,0.54,0.5,1.62,2.63,0.41,0.69,2.31,0.92,0.46,5.9,202.0,72.0,72.0,Middleweight Division,30.0,10,-6,5.0,0.5,2.0,0.2,3.0,0.3
119.0,Lukasz Brzeski,0.5,0.33,5.02,3.68,0.55,0.37,0.43,0.43,0.0,10.02,234.0,75.0,78.0,Heavyweight Division,32.0,9,-6,6.0,0.67,2.0,0.22,1.0,0.11
120.0,Joaquin Buckley,0.37,0.45,4.22,3.13,0.59,0.74,1.78,0.09,0.84,10.65,171.0,70.0,76.0,Welterweight Division,30.0,21,-6,15.0,0.71,6.0,0.29,0.0,0.0
121.0,Martin Buday,0.54,0.25,4.84,5.54,0.52,1.0,0.21,0.21,0.42,10.23,275.0,76.0,77.0,Heavyweight Division,32.0,14,-2,7.0,0.5,5.0,0.36,2.0,0.14
122.0,Dylan Budka,0.38,0.38,1.06,1.8,0.43,0.77,1.93,0.39,0.0,9.7,186.0,72.0,75.0,Middleweight Division,25.0,7,-5,1.0,0.14,4.0,0.57,2.0,0.29
123.0,Modestas Bukauskas,0.42,0.67,3.21,4.11,0.5,0.71,0.38,0.19,0.0,9.85,212.6,75.0,76.0,Light Heavyweight Division,31.0,16,-6,9.0,0.56,4.0,0.25,3.0,0.19
127.0,Gilbert Burns,0.49,0.38,3.17,3.57,0.53,0.54,2.1,0.46,0.2,12.73,171.0,70.0,71.0,Welterweight Division,38.0,22,-8,6.0,0.27,7.0,0.32,9.0,0.41
128.0,JP Buys,0.4,0.25,1.88,3.02,0.4,0.25,1.55,2.32,0.0,6.47,136.0,65.0,67.0,Bantamweight Division,27.0,9,-6,3.0,0.33,1.0,0.11,5.0,0.56
129.0,Dennis Buzukja,0.43,0.27,4.21,4.82,0.49,0.75,0.63,0.21,0.42,11.87,155.5,69.0,70.5,Featherweight Division,26.0,12,-5,5.0,0.42,6.0,0.5,1.0,0.08
130.0,Priscila Cachoeira,0.44,0.33,3.76,7.03,0.43,0.65,0.15,0.0,0.31,9.75,133.5,67.0,65.0,Women's Bantamweight Division,36.0,12,-6,7.0,0.58,5.0,0.42,0.0,0.0
133.0,Cynthia Calvillo,0.38,0.44,4.41,4.12,0.64,0.78,1.8,0.81,0.0,12.83,127.6,64.0,64.0,Women's Strawweight Division,36.0,9,-6,2.0,0.22,4.0,0.44,3.0,0.33
134.0,Charlie Campbell,0.54,0.4,5.55,3.73,0.55,0.71,2.95,0.0,0.74,6.78,170.0,72.0,72.5,Lightweight Division,28.0,9,-2,6.0,0.67,3.0,0.33,0.0,0.0
135.0,Aleksa Camur,0.57,0.22,4.73,4.26,0.54,0.5,0.46,0.0,0.23,13.17,204.5,73.0,74.0,Light Heavyweight Division,27.0,6,-3,5.0,0.83,1.0,0.17,0.0,0.0
136.0,Carlos Candelario,0.47,0.36,3.97,5.17,0.44,0.54,2.28,0.28,0.0,13.17,128.5,68.0,68.0,Flyweight Division,32.0,8,-3,2.0,0.25,3.0,0.38,3.0,0.38
137.0,Jared Cannonier,0.5,0.44,4.6,4.49,0.57,0.64,0.46,0.0,0.4,13.85,185.5,71.0,77.5,Middleweight Division,40.0,18,-8,11.0,0.61,5.0,0.28,2.0,0.11
138.0,Ariane Carnelossi,0.4,0.56,2.87,4.74,0.45,0.14,1.37,0.27,0.0,10.92,115.5,62.0,61.5,Women's Strawweight Division,31.0,15,-3,9.0,0.64,3.0,0.21,2.0,0.14
139.0,Luana Carolina,0.51,0.38,4.81,3.54,0.51,0.74,0.34,0.56,0.11,13.32,136.2,66.0,69.0,Women's Flyweight Division,31.0,11,-4,3.0,0.27,7.0,0.64,1.0,0.09
140.0,Clayton Carpenter,0.55,0.46,3.91,2.75,0.55,0.43,2.23,1.48,0.0,10.1,125.5,66.0,66.0,Flyweight Division,28.0,8,-1,2.0,0.25,2.0,0.25,4.0,0.5
142.0,Cortney Casey,0.39,0.31,4.29,4.0,0.55,0.4,0.39,0.47,0.0,12.68,126.0,67.0,67.0,Women's Flyweight Division,36.0,10,-10,3.0,0.21,7.0,0.5,4.0,0.29
143.0,Jacqueline Cavalcanti,0.46,0.0,5.73,3.32,0.7,0.85,0.0,0.0,0.0,15.0,134.5,68.0,70.0,Women's Bantamweight Division,27.0,9,-1,3.0,0.33,6.0,0.67,0.0,0.0
144.0,Henry Cejudo,0.47,0.32,3.77,3.29,0.6,0.76,1.99,0.16,0.4,13.47,148.0,64.0,64.0,Bantamweight Division,38.0,16,-4,8.0,0.5,8.0,0.5,0.0,0.0
146.0,Katlyn Cerminara,0.35,0.16,4.58,4.48,0.62,0.5,0.31,0.31,0.06,14.17,125.0,69.0,68.0,Women's Flyweight Division,36.0,18,-6,2.0,0.11,15.0,0.83,1.0,0.06
148.0,Donald Cerrone,0.47,0.33,4.41,4.48,0.53,0.74,1.16,1.16,0.81,9.67,170.5,73.0,73.0,Welterweight Division,40.0,36,-17,10.0,0.28,9.0,0.25,17.0,0.47
149.0,Edgar Chairez,0.45,0.0,3.45,5.21,0.42,0.33,0.0,1.47,0.29,10.22,140.7,67.0,71.0,Flyweight Division,28.0,11,-6,4.0,0.36,0.0,0.0,7.0,0.64
150.0,Chelsea Chandler,0.45,0.6,3.53,4.06,0.42,0.33,0.91,0.0,0.0,12.32,141.0,68.5,68.0,Women's Bantamweight Division,34.0,6,-3,2.0,0.33,3.0,0.5,1.0,0.17
151.0,Michael Chandler,0.5,0.37,4.49,4.3,0.43,0.63,1.59,0.64,0.48,9.3,155.6,68.0,71.5,Lightweight Division,38.0,23,-9,11.0,0.48,5.0,0.22,7.0,0.3
152.0,Morgan Charriere,0.52,0.57,3.87,3.74,0.58,0.83,2.47,0.62,1.23,8.1,160.7,68.0,69.0,Featherweight Division,28.0,20,-10,12.0,0.6,5.0,0.25,3.0,0.15
153.0,Macy Chiasson,0.46,0.39,3.77,2.79,0.44,0.7,2.37,0.42,0.28,9.78,135.5,71.0,72.0,Women's Bantamweight Division,33.0,11,-3,3.0,0.3,4.0,0.4,3.0,0.3
154.0,Michael Chiesa,0.4,0.49,1.81,1.66,0.55,0.62,3.3,1.05,0.08,9.33,170.5,73.0,75.5,Welterweight Division,37.0,20,-7,0.0,0.0,7.0,0.35,13.0,0.65
155.0,Giga Chikadze,0.42,0.33,3.92,3.5,0.61,0.7,0.21,0.21,0.62,13.25,146.0,72.0,74.0,Featherweight Division,36.0,15,-4,9.0,0.6,5.0,0.33,1.0,0.07
156.0,Dooho Choi,0.56,0.54,4.67,4.02,0.56,0.48,1.43,0.61,0.81,8.18,146.0,70.0,70.0,Featherweight Division,33.0,16,-4,13.0,0.81,2.0,0.13,1.0,0.06
158.0,SeungGuk Choi,0.43,0.28,2.69,2.69,0.66,0.74,1.02,0.0,0.21,14.63,131.3,66.0,64.0,Flyweight Division,26.0,7,-3,2.0,0.33,4.0,0.67,0.0,0.0
160.0,Hannah Cifers,0.45,1.0,4.99,5.39,0.53,0.65,0.26,0.26,0.51,8.33,117.0,61.0,62.0,Women's Strawweight Division,30.0,10,-7,5.0,0.5,5.0,0.5,0.0,0.0
161.0,Devin Clark,0.54,0.33,3.03,3.24,0.44,0.59,2.17,0.08,0.23,11.4,221.0,72.0,75.0,Light Heavyweight Division,33.0,14,-9,4.0,0.31,8.0,0.62,1.0,0.08
162.0,Mitch Clarke,0.34,0.15,2.35,3.27,0.48,0.5,0.64,0.43,0.0,10.08,155.5,70.0,73.0,Lightweight Division,37.0,11,-5,1.0,0.09,3.0,0.27,7.0,0.64
165.0,Jake Collier,0.44,0.33,5.8,5.08,0.51,0.68,0.71,0.61,0.3,10.6,265.5,75.0,78.5,Heavyweight Division,34.0,13,-10,5.0,0.38,4.0,0.31,4.0,0.31
166.0,Carlos Condit,0.39,0.46,3.66,2.67,0.55,0.39,0.59,0.99,0.39,12.17,171.0,74.0,75.5,Welterweight Division,39.0,32,-14,15.0,0.47,4.0,0.13,13.0,0.41
167.0,Wang Cong,0.52,0.75,6.38,1.86,0.62,1.0,1.61,1.07,0.54,6.98,125.0,66.0,65.5,Women's Flyweight Division,32.0,7,-1,2.0,0.29,3.0,0.43,2.0,0.29
170.0,Daniel Cormier,0.53,0.45,4.25,2.92,0.55,0.8,1.83,0.42,0.26,12.45,236.0,71.0,72.5,Heavyweight Division,44.0,22,-3,10.0,0.45,7.0,0.32,5.0,0.23
171.0,Nora Cornolle,0.54,0.11,3.41,2.18,0.62,0.5,0.39,0.0,0.39,12.7,136.0,67.0,67.0,Women's Bantamweight Division,35.0,8,-2,6.0,0.75,1.0,0.13,1.0,0.13
172.0,Waldo Cortes Acosta,0.48,0.6,5.64,3.6,0.53,0.6,0.55,0.18,0.37,11.67,262.0,76.0,70.0,Heavyweight Division,33.0,12,-1,5.0,0.45,5.0,0.45,1.0,0.09
173.0,Tracy Cortez,0.48,0.46,3.72,3.02,0.57,0.62,2.09,0.26,0.0,16.43,126.0,65.0,65.5,Women's Flyweight Division,31.0,11,-2,1.0,0.09,9.0,0.82,1.0,0.09
174.0,Reyes Cortez,0.45,0.11,4.1,7.43,0.53,1.0,1.5,0.0,0.0,15.0,135.5,67.0,68.0,Bantamweight Division,31.0,0,-2,0.0,0.0,0.0,0.0,0.0,0.0
175.0,Paulo Costa,0.58,0.75,6.22,6.56,0.49,0.8,0.36,0.0,0.48,12.53,185.0,73.0,72.0,Middleweight Division,33.0,14,-4,11.0,0.85,1.0,0.08,1.0,0.08
176.0,Alessandro Costa,0.48,0.13,4.14,3.5,0.58,0.91,0.27,0.0,0.82,10.97,140.0,64.0,67.0,Flyweight Division,28.0,14,-4,4.0,0.33,2.0,0.17,6.0,0.5
177.0,Melquizael Costa,0.46,0.35,3.46,2.29,0.58,0.53,2.5,1.07,0.0,10.48,166.7,70.0,71.0,Featherweight Division,28.0,21,-7,7.0,0.33,7.0,0.33,7.0,0.33
179.0,Patrick Cote,0.48,0.21,2.81,3.21,0.49,0.44,0.68,0.25,0.56,10.13,170.0,71.0,71.0,Welterweight Division,43.0,24,-11,0.0,0.0,0.0,0.0,0.0,0.0
181.0,Randy Couture,0.58,0.47,2.85,1.53,0.59,0.58,2.78,0.48,0.06,12.42,204.0,74.0,75.0,Light Heavyweight Division,59.0,19,-11,0.0,0.0,0.0,0.0,0.0,0.0
182.0,Colby Covington,0.38,0.43,3.81,3.09,0.55,0.69,3.64,0.16,0.05,16.95,171.0,71.0,72.0,Welterweight Division,36.0,17,-5,4.0,0.24,9.0,0.53,4.0,0.24
183.0,Paul Craig,0.45,0.21,2.52,3.03,0.43,0.38,1.52,1.42,0.09,8.33,186.0,75.5,76.0,Middleweight Division,37.0,17,-9,4.0,0.24,0.0,0.0,13.0,0.76
184.0,Kiefer Crosbie,0.52,0.4,6.61,6.49,0.51,1.0,0.69,0.34,0.0,10.9,184.1,71.0,70.0,Welterweight Division,34.0,10,-5,5.0,0.5,3.0,0.3,2.0,0.2
185.0,Allen Crowder,0.51,0.33,2.95,2.95,0.57,1.0,1.85,1.23,0.0,6.1,255.0,75.0,76.0,Heavyweight Division,33.0,10,-4,5.0,0.56,1.0,0.11,3.0,0.33
186.0,Jimmy Crute,0.53,0.53,4.37,3.63,0.42,0.58,3.86,1.62,0.81,6.72,206.0,74.0,74.0,Light Heavyweight Division,28.0,12,-4,5.0,0.42,3.0,0.25,4.0,0.33
187.0,Dominick Cruz,0.33,0.43,3.91,2.61,0.71,0.84,2.82,0.05,0.05,16.85,135.0,68.0,68.0,Bantamweight Division,39.0,24,-4,7.0,0.29,16.0,0.67,1.0,0.04
189.0,Josh Culibao,0.45,0.0,3.41,3.04,0.6,0.66,0.0,0.29,0.57,13.13,146.0,70.0,73.0,Featherweight Division,30.0,11,-4,5.0,0.45,5.0,0.45,1.0,0.09
190.0,AJ Cunningham,0.29,0.0,7.66,11.9,0.49,0.33,0.0,0.0,0.0,6.85,155.5,70.0,71.0,Bantamweight Division,30.0,11,-4,4.0,0.36,3.0,0.27,4.0,0.36
192.0,Ion Cutelaba,0.43,0.52,4.29,3.34,0.47,0.75,4.04,0.0,0.22,8.08,216.0,73.0,75.0,Light Heavyweight Division,31.0,18,-10,13.0,0.72,3.0,0.17,2.0,0.11
193.0,Henrique da Silva,0.6,0.14,3.89,5.28,0.4,0.22,0.25,0.25,0.0,8.72,205.0,75.0,76.5,Light Heavyweight Division,33.0,12,-4,11.0,0.92,0.0,0.0,1.0,0.08
195.0,Ariane da Silva,0.42,0.56,4.04,3.87,0.53,0.68,0.52,0.31,0.31,11.18,125.0,66.0,67.0,Women's Flyweight Division,31.0,17,-10,6.0,0.35,7.0,0.41,4.0,0.24
197.0,Aisling Daly,0.52,0.42,2.92,1.4,0.56,0.33,2.15,0.86,0.0,11.63,116.0,62.0,64.0,Women's Strawweight Division,35.0,16,-5,5.0,0.31,3.0,0.19,8.0,0.5
201.0,Beneil Dariush,0.49,0.34,3.78,2.65,0.58,0.81,1.9,0.88,0.51,8.9,167.0,70.0,72.0,Lightweight Division,35.0,22,-6,5.0,0.23,9.0,0.41,8.0,0.36
202.0,Chris Daukaus,0.5,0.0,6.05,4.64,0.55,1.0,0.0,0.0,3.54,3.18,205.0,75.0,76.0,Light Heavyweight Division,33.0,12,-7,11.0,0.92,1.0,0.08,0.0,0.0
204.0,Hakeem Dawodu,0.51,0.0,5.45,3.37,0.57,0.65,0.0,0.0,0.11,13.48,146.0,68.0,73.5,Featherweight Division,32.0,13,-4,7.0,0.58,5.0,0.42,0.0,0.0
205.0,Grant Dawson,0.53,0.41,3.2,2.11,0.45,0.57,3.87,1.13,0.09,11.35,156.0,70.0,72.0,Lightweight Division,30.0,23,-2,5.0,0.22,5.0,0.22,13.0,0.57
207.0,Marcos Rogerio de Lima,0.58,0.46,3.7,2.9,0.52,0.59,1.4,0.51,0.89,6.2,261.0,73.0,75.0,Heavyweight Division,39.0,22,-10,15.0,0.71,3.0,0.14,3.0,0.14
209.0,Reinier de Ridder,0.57,0.47,3.28,2.69,0.39,1.0,6.89,1.97,0.98,7.63,184.5,76.0,78.0,Middleweight Division,34.0,19,-2,4.0,0.21,2.0,0.11,13.0,0.68
210.0,Carl Deaton,0.32,0.0,1.53,1.85,0.61,0.5,0.0,0.0,0.0,12.47,171.0,67.0,69.0,Lightweight Division,33.0,17,-7,3.0,0.18,5.0,0.29,9.0,0.53
213.0,Vanessa Demopoulos,0.41,0.12,3.87,5.53,0.42,0.27,0.41,0.54,0.14,12.32,116.0,62.0,59.5,Women's Strawweight Division,35.0,11,-6,1.0,0.04,23.0,0.82,4.0,0.14
214.0,Mackenzie Dern,0.4,0.18,3.31,3.9,0.52,0.25,0.89,1.19,0.15,13.45,116.0,64.0,63.0,Women's Strawweight Division,31.0,15,-5,0.0,0.0,7.0,0.47,8.0,0.53
215.0,Marc Diakiese,0.4,0.44,2.54,2.64,0.53,0.67,3.29,0.0,0.16,12.13,172.0,70.0,73.0,Lightweight Division,30.0,17,-7,6.0,0.38,9.0,0.56,1.0,0.06
216.0,Blood Diamond,0.55,0.0,3.12,2.17,0.49,0.74,0.0,0.0,0.0,11.55,169.5,71.0,76.0,Welterweight Division,34.0,3,-3,1.0,0.33,1.0,0.33,1.0,0.33
218.0,Nick Diaz,0.42,0.33,5.71,3.84,0.6,0.6,1.28,1.0,0.41,11.32,185.5,73.0,76.0,Middleweight Division,41.0,26,-11,13.0,0.5,5.0,0.19,8.0,0.31
220.0,TJ Dillashaw,0.41,0.31,5.09,3.47,0.62,0.78,1.56,0.82,0.61,12.27,135.0,66.5,67.0,Bantamweight Division,37.0,18,-5,8.0,0.44,7.0,0.39,3.0,0.17
224.0,Drew Dober,0.4,0.17,4.39,4.25,0.52,0.56,0.67,0.07,0.67,8.08,170.0,68.0,70.0,Lightweight Division,35.0,27,-14,15.0,0.56,7.0,0.26,5.0,0.19
225.0,AJ Dobson,0.46,0.75,4.29,5.31,0.46,0.65,1.67,0.28,0.28,10.78,185.0,73.0,76.0,Middleweight Division,31.0,7,-3,3.0,0.43,2.0,0.29,2.0,0.29
226.0,Roman Dolidze,0.43,0.42,3.16,3.38,0.5,0.33,1.33,1.09,0.49,11.25,185.5,74.0,76.0,Middleweight Division,36.0,14,-3,8.0,0.57,3.0,0.21,3.0,0.21
227.0,Montserrat Rendon,0.29,0.55,3.13,3.9,0.55,1.0,3.0,0.0,0.0,15.0,135.0,68.0,68.0,Women's Bantamweight Division,35.0,6,-1,0.0,0.0,6.0,1.0,0.0,0.0
228.0,Rafael Dos Anjos,0.47,0.36,3.48,3.23,0.6,0.55,1.95,0.57,0.2,14.53,171.0,68.0,70.0,Welterweight Division,40.0,32,-17,5.0,0.16,16.0,0.5,11.0,0.34
229.0,Elizeu Zaleski dos Santos,0.42,0.21,4.33,3.41,0.57,0.69,0.7,0.47,0.16,11.98,171.0,71.0,73.0,Welterweight Division,38.0,25,-8,15.0,0.6,7.0,0.28,3.0,0.12
230.0,Felipe dos Santos,0.37,0.0,3.87,3.78,0.42,0.14,0.0,0.33,0.0,15.0,124.5,67.0,70.0,Flyweight Division,23.0,8,-2,2.0,0.29,2.0,0.29,3.0,0.43
234.0,Dricus Du Plessis,0.49,0.5,6.12,4.9,0.54,0.5,2.55,0.73,0.48,13.75,185.0,73.0,76.0,Middleweight Division,31.0,23,-2,9.0,0.39,3.0,0.13,11.0,0.48
236.0,Todd Duffee,0.37,0.25,5.93,2.87,0.57,0.9,0.72,0.0,2.87,2.98,244.5,75.0,78.0,Heavyweight Division,37.0,9,-3,9.0,1.0,0.0,0.0,0.0,0.0
239.0,Norma Dumont,0.5,0.57,3.86,2.16,0.66,0.72,1.72,0.0,0.2,14.85,136.0,67.0,67.0,Women's Bantamweight Division,34.0,12,-2,0.0,0.0,10.0,0.83,2.0,0.17
240.0,Christian Leroy Duncan,0.63,0.14,4.71,3.57,0.49,0.64,0.31,0.0,0.31,9.65,201.0,74.0,79.0,Middleweight Division,29.0,10,-2,8.0,0.8,1.0,0.1,1.0,0.1
241.0,Chris Duncan,0.47,0.37,4.7,4.0,0.49,0.33,3.53,0.35,0.35,7.08,175.0,70.0,71.5,Lightweight Division,31.0,12,-2,7.0,0.58,3.0,0.25,2.0,0.17
242.0,Tom Duquesnoy,0.45,0.25,3.83,5.3,0.63,0.47,0.42,0.0,0.85,11.82,135.0,67.0,68.0,Bantamweight Division,29.0,15,-2,8.0,0.53,3.0,0.2,4.0,0.27
243.0,Albert Duraev,0.4,0.29,2.99,3.01,0.6,0.67,1.97,0.56,0.0,10.65,195.0,71.0,75.0,Middleweight Division,34.0,16,-5,3.0,0.2,3.0,0.2,9.0,0.6
244.0,Cody Durden,0.46,0.48,3.52,4.29,0.49,0.73,4.06,0.76,0.13,9.85,126.0,67.0,67.0,Flyweight Division,33.0,17,-7,6.0,0.35,5.0,0.29,6.0,0.35
245.0,Merab Dvalishvili,0.42,0.35,4.36,2.51,0.57,0.83,5.89,0.26,0.06,16.75,134.0,66.0,68.0,Bantamweight Division,34.0,19,-4,3.0,0.16,15.0,0.79,1.0,0.05
246.0,David Dvorak,0.43,0.3,3.48,3.29,0.6,0.7,0.58,0.19,0.0,12.88,125.5,65.0,68.5,Flyweight Division,31.0,20,-6,8.0,0.4,4.0,0.2,8.0,0.4
247.0,Frankie Edgar,0.4,0.31,3.77,2.82,0.66,0.66,2.29,0.31,0.09,15.9,135.6,66.0,68.0,Bantamweight Division,41.0,23,-11,6.0,0.26,13.0,0.57,4.0,0.17
248.0,Leon Edwards,0.54,0.37,2.68,2.37,0.54,0.66,1.25,0.38,0.24,17.37,170.0,72.0,74.0,Welterweight Division,33.0,22,-4,7.0,0.32,12.0,0.55,3.0,0.14
249.0,Yves Edwards,0.43,0.54,2.91,2.34,0.67,0.69,0.76,0.66,0.49,9.82,154.6,69.0,73.0,Lightweight Division,46.0,42,-22,0.0,0.0,0.0,0.0,0.0,0.0
250.0,Joselyne Edwards,0.53,0.39,4.48,3.19,0.49,0.61,1.23,0.56,0.0,14.95,139.0,68.0,70.0,Women's Bantamweight Division,29.0,14,-6,6.0,0.43,5.0,0.36,3.0,0.21
251.0,Evan Elder,0.49,0.2,5.02,4.79,0.58,0.33,0.63,0.63,0.63,11.85,170.0,70.0,72.0,Lightweight Division,27.0,9,-2,4.0,0.44,3.0,0.33,2.0,0.22
254.0,Darren Elkins,0.38,0.35,3.4,3.22,0.52,0.56,2.86,1.08,0.09,11.93,144.5,70.0,71.0,Featherweight Division,40.0,29,-11,9.0,0.31,15.0,0.52,5.0,0.17
255.0,Jake Ellenberger,0.39,0.48,2.47,2.83,0.61,0.86,2.04,0.36,0.98,8.05,170.0,69.0,71.5,Welterweight Division,38.0,31,-15,0.0,0.0,0.0,0.0,0.0,0.0
256.0,Tim Elliott,0.45,0.47,3.39,2.66,0.57,0.59,3.73,1.04,0.12,12.25,136.0,67.0,66.0,Bantamweight Division,38.0,21,-13,3.0,0.14,11.0,0.52,7.0,0.33
257.0,Oban Elliott,0.49,0.5,4.26,2.25,0.63,0.73,2.16,0.0,0.27,13.92,170.0,72.0,72.0,Welterweight Division,27.0,12,-2,3.0,0.25,6.0,0.5,3.0,0.25
258.0,Anna Elmose,0.5,0.0,3.68,4.64,0.57,0.33,0.0,0.0,0.8,9.38,116.0,63.0,65.0,Women's Strawweight Division,39.0,3,-2,3.0,1.0,0.0,0.0,0.0,0.0
261.0,Jamall Emmers,0.48,0.41,5.3,4.05,0.57,0.91,1.83,0.2,0.41,9.2,155.6,70.0,74.0,Featherweight Division,34.0,20,-8,8.0,0.4,9.0,0.45,3.0,0.15
262.0,Josh Emmett,0.36,0.38,4.04,4.61,0.61,0.47,0.91,0.08,0.99,12.93,146.0,66.5,70.0,Featherweight Division,39.0,19,-4,7.0,0.37,10.0,0.53,2.0,0.11
264.0,Steve Erceg,0.49,0.26,4.37,4.22,0.53,0.61,1.16,0.47,0.23,12.9,125.5,68.0,68.0,Flyweight Division,29.0,12,-3,1.0,0.09,4.0,0.36,6.0,0.55
265.0,Julian Erosa,0.48,0.48,6.18,6.31,0.48,0.59,1.69,0.84,0.24,7.77,145.0,73.0,74.5,Featherweight Division,34.0,30,-12,11.0,0.37,5.0,0.17,14.0,0.47
266.0,Ivan Erslan,0.57,0.5,2.6,3.0,0.63,0.75,1.0,0.0,0.0,15.0,214.0,74.0,72.5,Light Heavyweight Division,32.0,14,-4,10.0,0.71,3.0,0.21,1.0,0.07
267.0,Juan Espino,0.71,0.79,2.38,1.95,0.4,0.5,8.93,2.43,0.0,6.17,257.0,75.0,80.0,Heavyweight Division,42.0,11,-2,1.0,0.09,2.0,0.18,8.0,0.73
268.0,Rafael Estevam,0.58,0.36,2.06,2.94,0.46,0.6,6.41,0.4,0.0,12.47,126.0,68.0,69.0,Flyweight Division,28.0,13,0,4.0,0.31,6.0,0.46,3.0,0.23
269.0,Rashad Evans,0.38,0.45,2.14,2.42,0.63,0.74,2.98,0.0,0.19,12.2,205.0,72.0,75.0,Light Heavyweight Division,43.0,24,-8,0.0,0.0,0.0,0.0,0.0,0.0
270.0,Movsar Evloev,0.48,0.48,3.99,2.66,0.61,0.61,4.67,0.22,0.0,15.0,145.5,67.0,72.5,Featherweight Division,31.0,19,0,3.0,0.16,12.0,0.63,4.0,0.21
271.0,Jessica Eye,0.37,0.41,3.86,4.19,0.56,0.57,0.58,0.45,0.0,14.5,126.0,66.0,66.0,Women's Flyweight Division,36.0,15,-11,3.0,0.2,11.0,0.73,1.0,0.07
272.0,Zarah Fairn,0.31,0.0,4.55,7.4,0.46,0.6,0.0,0.0,0.0,9.4,146.0,68.0,72.0,Women's Bantamweight Division,39.0,6,-5,4.0,0.67,2.0,0.33,0.0,0.0
273.0,Rinat Fakhretdinov,0.53,0.34,4.78,3.58,0.54,0.92,3.95,0.2,0.59,12.65,171.0,72.0,74.0,Welterweight Division,33.0,23,-1,11.0,0.48,6.0,0.26,6.0,0.26
274.0,Pedro Falcao,0.48,0.22,2.9,2.63,0.48,0.83,2.07,0.0,0.0,14.47,136.0,66.0,66.0,Bantamweight Division,31.0,16,-4,6.0,0.38,5.0,0.31,5.0,0.31
276.0,Paul Felder,0.45,0.29,3.7,3.44,0.49,0.65,0.29,0.22,0.22,13.75,155.8,71.0,70.5,Lightweight Division,39.0,17,-6,10.0,0.59,6.0,0.35,1.0,0.06
278.0,Gabriella Fernandes,0.47,0.18,3.46,5.5,0.5,0.61,0.56,0.28,0.28,13.45,126.0,66.0,66.0,Women's Flyweight Division,31.0,10,-3,3.0,0.3,4.0,0.4,3.0,0.3
280.0,Diego Ferreira,0.41,0.3,4.82,3.46,0.56,0.58,0.86,0.58,0.29,9.77,156.0,69.0,74.0,Lightweight Division,40.0,19,-6,5.0,0.26,7.0,0.37,7.0,0.37
281.0,Brunno Ferreira,0.5,0.17,3.76,3.12,0.52,0.54,0.5,0.5,1.99,5.02,185.5,70.0,72.0,Middleweight Division,32.0,12,-2,9.0,0.75,0.0,0.0,3.0,0.25
282.0,Andre Fialho,0.42,1.0,3.3,6.26,0.46,0.67,0.25,0.0,0.49,8.73,169.5,72.0,74.0,Welterweight Division,29.0,16,-8,13.0,0.81,2.0,0.13,1.0,0.06
283.0,Deiveson Figueiredo,0.54,0.35,2.91,3.55,0.5,0.6,1.62,1.43,0.78,12.83,135.0,65.0,68.0,Bantamweight Division,37.0,24,-4,9.0,0.38,6.0,0.25,9.0,0.38
284.0,Jafel Filho,0.41,0.33,2.36,2.0,0.47,0.56,1.77,2.65,0.44,8.48,125.0,67.0,68.5,Flyweight Division,31.0,16,-3,5.0,0.31,1.0,0.06,10.0,0.63
285.0,Andre Fili,0.38,0.44,3.88,4.11,0.51,0.7,2.15,0.25,0.37,10.62,157.0,71.0,74.0,Featherweight Division,34.0,24,-11,10.0,0.42,11.0,0.46,3.0,0.13
287.0,Manon Fiorot,0.53,0.39,4.48,3.19,0.49,0.61,1.23,0.56,0.0,14.95,124.5,67.0,65.0,Women's Flyweight Division,35.0,12,-1,6.0,0.43,5.0,0.36,3.0,0.21
288.0,Rafael Fiziev,0.52,0.4,4.9,4.97,0.49,0.89,0.29,0.0,0.29,11.68,156.0,68.0,71.5,Lightweight Division,31.0,12,-3,8.0,0.67,3.0,0.25,1.0,0.08
290.0,AJ Fletcher,0.5,0.36,3.36,4.61,0.47,0.33,1.54,0.93,0.31,9.72,183.0,70.0,67.0,Welterweight Division,26.0,10,-3,4.0,0.44,1.0,0.11,4.0,0.44
292.0,Kenny Florian,0.4,0.33,2.41,1.85,0.64,0.6,2.22,1.27,0.08,10.53,145.0,70.0,74.0,Featherweight Division,47.0,16,-6,0.0,0.0,0.0,0.0,0.0,0.0
293.0,Darrius Flowers,0.5,0.29,3.07,5.49,0.44,0.64,0.98,0.0,0.0,7.65,170.0,69.0,71.0,Welterweight Division,29.0,12,-8,9.0,0.75,3.0,0.25,0.0,0.0
294.0,Rob Font,0.46,0.34,5.44,3.58,0.57,0.44,0.84,0.32,0.45,12.95,145.0,68.0,71.5,Bantamweight Division,37.0,21,-8,9.0,0.43,8.0,0.38,4.0,0.19
295.0,Kai Kara-France,0.4,0.33,4.56,3.22,0.65,0.88,0.61,0.0,0.81,12.32,125.0,64.0,69.0,Flyweight Division,31.0,25,-11,12.0,0.48,10.0,0.4,3.0,0.12
297.0,Matt Frevola,0.41,0.39,3.37,3.69,0.57,0.36,2.39,0.96,1.12,7.83,169.2,69.0,71.0,Lightweight Division,34.0,11,-5,4.0,0.36,4.0,0.36,3.0,0.27
300.0,Claudia Gadelha,0.42,0.43,3.31,4.57,0.57,0.59,3.03,0.67,0.08,14.83,115.5,64.0,63.5,Women's Strawweight Division,34.0,18,-5,2.0,0.12,8.0,0.47,7.0,0.41
301.0,Justin Gaethje,0.59,0.25,6.78,7.46,0.52,0.75,0.11,0.0,0.63,10.93,156.0,71.0,70.0,Lightweight Division,36.0,26,-5,20.0,0.8,4.0,0.16,1.0,0.04
302.0,Muin Gafurov,0.46,0.26,2.89,2.21,0.53,0.7,1.47,0.0,0.25,12.25,136.0,67.0,68.0,Bantamweight Division,28.0,20,-6,10.0,0.5,3.0,0.15,7.0,0.35
303.0,Mickey Gall,0.5,0.32,3.5,4.72,0.5,0.38,1.15,1.58,0.29,8.05,170.8,74.0,74.0,Welterweight Division,33.0,7,-7,0.0,0.0,1.0,0.14,6.0,0.86
304.0,Manny Gamburyan,0.42,0.34,2.13,2.83,0.56,0.69,3.26,0.73,0.16,9.68,136.0,65.0,67.0,Bantamweight Division,42.0,18,-11,0.0,0.0,0.0,0.0,0.0,0.0
305.0,Mateusz Gamrot,0.51,0.35,3.23,3.22,0.59,0.91,5.25,0.12,0.12,12.3,156.0,70.0,70.5,Lightweight Division,34.0,24,-3,8.0,0.33,11.0,0.46,5.0,0.21
306.0,Ciryl Gane,0.61,0.25,5.26,2.23,0.62,0.44,0.7,0.61,0.26,14.25,245.5,76.0,81.0,Heavyweight Division,34.0,13,-2,6.0,0.46,4.0,0.31,3.0,0.23
308.0,Cody Garbrandt,0.41,0.34,2.98,3.76,0.6,0.8,1.03,0.0,1.13,9.7,135.0,68.0,65.5,Bantamweight Division,33.0,14,-6,11.0,0.79,3.0,0.21,0.0,0.0
309.0,Fernie Garcia,0.34,0.5,2.04,3.79,0.49,0.5,0.28,0.55,0.28,10.87,151.0,67.0,67.0,Bantamweight Division,31.0,10,-5,3.0,0.3,6.0,0.6,1.0,0.1
310.0,Rafa Garcia,0.43,0.44,3.97,4.36,0.61,0.75,3.38,0.28,0.0,13.32,154.5,67.0,70.0,Lightweight Division,30.0,16,-4,1.0,0.06,6.0,0.38,9.0,0.56
311.0,Steve Garcia,0.57,0.4,5.04,2.34,0.46,0.89,1.17,0.58,2.63,5.13,145.5,72.0,75.0,Featherweight Division,32.0,17,-5,14.0,0.82,3.0,0.18,0.0,0.0
313.0,Shamil Gaziev,0.48,0.3,2.57,3.87,0.45,0.83,0.96,0.32,0.64,9.35,260.0,76.0,78.5,Heavyweight Division,35.0,14,-1,9.0,0.64,2.0,0.14,3.0,0.21
314.0,Cody Gibson,0.44,0.41,3.47,3.36,0.57,0.68,2.18,0.67,0.34,11.2,135.5,70.0,71.0,Bantamweight Division,37.0,22,-10,7.0,0.32,9.0,0.41,6.0,0.27
315.0,Trevin Giles,0.54,0.5,3.17,2.39,0.58,0.72,1.07,0.29,0.29,10.98,170.0,72.0,74.0,Welterweight Division,32.0,16,-7,6.0,0.38,5.0,0.31,5.0,0.31
316.0,Gregor Gillespie,0.53,0.48,3.74,2.3,0.58,1.0,6.86,0.76,0.51,7.38,156.0,67.0,71.0,Lightweight Division,36.0,14,-1,8.0,0.53,2.0,0.13,5.0,0.33
319.0,Loopy Godinez,0.48,0.48,4.16,3.69,0.63,0.81,2.95,1.01,0.09,13.57,115.5,62.0,61.0,Women's Strawweight Division,31.0,12,-5,1.0,0.08,9.0,0.75,2.0,0.17
321.0,Hannah Goldy,0.47,0.12,5.19,4.67,0.51,0.55,0.66,0.22,0.0,11.37,125.0,64.0,61.0,Women's Flyweight Division,31.0,6,-4,1.0,0.17,4.0,0.67,1.0,0.17
322.0,Denise Gomes,0.5,0.25,4.55,3.11,0.51,0.67,0.72,0.9,0.36,11.87,115.0,62.0,63.0,Women's Strawweight Division,25.0,10,-3,6.0,0.6,4.0,0.4,0.0,0.0
323.0,Luis Gomez,0.34,0.5,1.57,4.03,0.55,0.33,4.48,0.0,0.0,13.38,145.5,0.0,68.0,Featherweight Division,28.0,4,-1,2.0,0.5,1.0,0.25,1.0,0.25
324.0,William Gomis,0.5,0.38,2.69,1.6,0.72,0.71,0.78,0.52,0.0,14.33,157.9,72.0,73.0,Featherweight Division,27.0,14,-2,7.0,0.5,6.0,0.43,1.0,0.07
326.0,Lyman Good,0.49,1.0,5.34,4.01,0.63,0.75,0.27,0.0,0.82,9.13,170.5,72.0,74.0,Welterweight Division,38.0,21,-6,11.0,0.52,7.0,0.33,3.0,0.14
327.0,Jared Gordon,0.56,0.32,5.75,3.97,0.57,0.63,1.78,0.0,0.09,11.27,173.5,69.0,68.0,Lightweight Division,36.0,20,-7,7.0,0.35,11.0,0.55,2.0,0.1
328.0,Tresean Gore,0.55,0.75,3.0,5.88,0.47,0.83,3.46,1.73,0.0,6.52,186.0,72.0,75.0,Middleweight Division,30.0,6,-2,2.0,0.33,1.0,0.17,3.0,0.5
329.0,Themba Gorimbo,0.61,0.65,3.15,1.09,0.57,0.82,4.81,0.57,0.57,8.83,171.0,73.0,77.0,Welterweight Division,34.0,14,-5,2.0,0.14,6.0,0.43,6.0,0.43
332.0,Bogdan Grad,0.53,0.4,5.83,7.84,0.47,1.0,3.5,0.0,0.0,8.58,145.5,68.0,70.0,Featherweight Division,29.0,15,-2,9.0,0.6,3.0,0.2,3.0,0.2
333.0,Davey Grant,0.44,0.4,5.25,3.89,0.56,0.61,1.14,0.19,0.38,12.1,136.0,68.0,69.0,Bantamweight Division,39.0,16,-7,4.0,0.27,2.0,0.13,9.0,0.6
334.0,Alexa Grasso,0.42,0.4,4.19,3.69,0.58,0.55,0.44,0.65,0.07,15.87,124.0,65.0,66.0,Women's Flyweight Division,31.0,16,-4,4.0,0.25,10.0,0.63,2.0,0.13
337.0,Max Griffin,0.49,0.41,3.75,3.66,0.58,0.7,1.37,0.27,0.55,12.92,170.0,71.0,76.0,Welterweight Division,39.0,20,-11,9.0,0.47,8.0,0.42,2.0,0.11
339.0,Garrett Gross,0.46,0.0,2.39,1.67,0.46,0.52,0.0,0.0,0.4,12.4,155.5,69.0,69.0,Lightweight Division,34.0,11,-8,0.0,0.0,0.0,0.0,0.0,0.0
340.0,Chris Gruetzemacher,0.57,0.5,6.18,4.96,0.53,0.66,0.21,0.0,0.0,9.75,156.0,68.0,68.0,Lightweight Division,37.0,15,-5,7.0,0.47,5.0,0.33,3.0,0.2
346.0,Chris Gutierrez,0.59,0.3,4.72,2.64,0.64,0.72,0.26,0.09,0.43,13.33,136.0,69.0,67.0,Bantamweight Division,33.0,21,-5,9.0,0.47,9.0,0.47,1.0,0.05
349.0,Cody Haddon,0.51,0.38,9.2,3.47,0.64,0.83,2.48,0.83,0.83,9.08,135.0,67.0,69.0,Bantamweight Division,26.0,8,-1,5.0,0.63,1.0,0.13,2.0,0.25
350.0,Damir Hadžović,0.48,0.55,3.34,3.74,0.59,0.35,0.91,0.15,0.3,9.87,155.5,69.0,70.0,Lightweight Division,38.0,14,-8,7.0,0.5,4.0,0.29,3.0,0.21
351.0,Bassil Hafez,0.38,0.24,3.71,5.68,0.42,0.5,2.21,0.0,0.0,13.55,171.0,71.0,72.0,Welterweight Division,32.0,9,-4,1.0,0.13,3.0,0.38,4.0,0.5
354.0,Uriah Hall,0.49,0.39,3.23,3.85,0.54,0.64,0.54,0.15,0.61,10.32,186.0,72.0,79.5,Middleweight Division,38.0,18,-11,14.0,0.78,3.0,0.17,1.0,0.06
361.0,Walt Harris,0.39,0.29,3.05,3.33,0.55,0.7,0.29,0.14,1.3,6.5,264.0,77.0,77.0,Heavyweight Division,40.0,13,-10,13.0,1.0,0.0,0.0,0.0,0.0
362.0,Carlston Harris,0.44,0.23,3.79,3.46,0.54,0.56,1.46,0.59,0.59,7.32,170.0,72.0,76.0,Welterweight Division,37.0,19,-7,5.0,0.26,8.0,0.42,6.0,0.32
363.0,Kayla Harrison,0.64,0.31,4.87,1.19,0.64,1.0,2.75,0.69,0.0,10.9,136.0,68.0,66.0,Women's Bantamweight Division,34.0,18,-1,6.0,0.33,5.0,0.28,7.0,0.39
364.0,Phil Hawes,0.59,0.35,5.33,3.72,0.56,0.91,2.11,0.23,0.7,6.4,185.0,72.0,77.5,Middleweight Division,35.0,12,-6,8.0,0.67,2.0,0.17,2.0,0.17
365.0,Ian Heinisch,0.5,0.17,3.25,2.98,0.59,0.6,1.02,0.68,0.34,11.0,185.5,71.0,72.0,Middleweight Division,34.0,14,-5,5.0,0.36,7.0,0.5,2.0,0.14
366.0,Dan Henderson,0.47,0.53,2.44,2.7,0.52,0.58,1.52,0.34,0.71,11.65,184.0,71.0,74.0,Middleweight Division,52.0,32,-15,0.0,0.0,0.0,0.0,0.0,0.0
367.0,Danny Henry,0.52,0.33,5.2,4.16,0.46,0.5,0.74,2.23,1.49,5.05,146.0,72.0,73.0,Featherweight Division,34.0,12,-4,5.0,0.42,2.0,0.17,5.0,0.42
368.0,Victor Henry,0.54,0.36,7.66,5.48,0.48,0.84,0.84,0.42,0.42,11.93,135.0,67.0,68.0,Bantamweight Division,37.0,24,-7,7.0,0.29,9.0,0.38,8.0,0.33
369.0,Jai Herbert,0.42,0.23,3.16,3.37,0.52,0.59,0.5,0.0,0.67,11.25,167.1,73.0,77.0,Lightweight Division,36.0,13,-5,9.0,0.69,3.0,0.23,1.0,0.08
370.0,Jack Hermansson,0.45,0.3,5.09,3.69,0.56,0.81,1.53,0.38,0.0,11.55,185.0,73.0,77.5,Middleweight Division,36.0,24,-8,11.0,0.46,7.0,0.29,6.0,0.25
371.0,Alexander Hernandez,0.41,0.29,4.43,4.61,0.57,0.72,0.95,0.11,0.42,10.2,156.0,69.0,72.0,Lightweight Division,32.0,15,-8,6.0,0.4,7.0,0.47,2.0,0.13
372.0,Carlos Hernandez,0.46,0.21,3.9,3.43,0.51,0.68,1.6,0.18,0.0,12.02,125.5,68.0,67.0,Flyweight Division,31.0,10,-4,0.0,0.0,6.0,0.6,4.0,0.4
373.0,Anthony Hernandez,0.63,0.45,4.9,2.88,0.46,0.65,6.64,2.27,0.16,9.27,200.0,72.0,75.0,Middleweight Division,31.0,13,-2,3.0,0.23,2.0,0.15,8.0,0.62
374.0,Jimy Hettes,0.57,0.45,3.47,3.5,0.58,0.62,5.2,1.42,0.0,10.57,146.0,70.0,71.0,Featherweight Division,36.0,11,-3,0.0,0.0,1.0,0.09,10.0,0.91
375.0,Angela Hill,0.5,0.33,5.47,4.92,0.61,0.75,0.81,0.12,0.12,14.37,115.5,63.0,64.5,Women's Strawweight Division,40.0,18,-14,5.0,0.28,12.0,0.67,1.0,0.06
378.0,Kevin Holland,0.5,0.39,4.22,3.22,0.51,0.53,0.82,0.58,0.29,10.3,183.5,75.0,81.0,Welterweight Division,32.0,26,-13,14.0,0.54,4.0,0.15,8.0,0.31
379.0,Max Holloway,0.48,0.53,7.16,4.76,0.59,0.83,0.25,0.31,0.34,16.08,145.0,71.0,69.0,Featherweight Division,32.0,26,-8,12.0,0.48,11.0,0.44,2.0,0.08
380.0,Kurt Holobaugh,0.46,0.33,4.63,4.35,0.48,0.42,0.76,0.76,0.3,11.03,165.0,71.0,70.0,Lightweight Division,37.0,22,-8,8.0,0.36,4.0,0.18,10.0,0.45
381.0,Paddy Holohan,0.46,0.48,2.13,2.81,0.46,0.71,2.88,1.31,0.26,11.45,126.0,70.0,69.0,Flyweight Division,35.0,12,-2,1.0,0.08,3.0,0.25,8.0,0.67
384.0,Dan Hooker,0.49,0.34,5.03,4.72,0.51,0.78,0.73,0.33,0.6,10.22,155.5,72.0,75.0,Lightweight Division,35.0,24,-12,11.0,0.46,6.0,0.25,7.0,0.29
385.0,Chase Hooper,0.52,0.28,4.97,3.26,0.37,0.58,1.83,2.39,0.14,9.7,155.5,73.0,74.0,Lightweight Division,25.0,15,-3,4.0,0.27,3.0,0.2,8.0,0.53
386.0,Jamey-Lyn Horth,0.52,0.36,2.72,2.58,0.61,0.72,1.0,0.25,0.0,15.0,126.0,67.0,66.0,Women's Flyweight Division,34.0,7,-2,3.0,0.43,2.0,0.29,2.0,0.29
387.0,Austin Hubbard,0.44,0.34,4.12,3.92,0.57,0.67,1.54,0.0,0.0,12.65,156.0,70.0,71.0,Lightweight Division,33.0,17,-8,5.0,0.29,10.0,0.59,2.0,0.12
389.0,Sam Hughes,0.47,0.3,4.33,4.46,0.57,0.6,0.85,0.0,0.0,13.77,125.0,65.0,64.0,Women's Strawweight Division,32.0,9,-6,2.0,0.25,3.0,0.38,3.0,0.38
391.0,Al Iaquinta,0.41,0.19,4.06,4.53,0.61,0.74,0.63,0.24,0.55,12.7,155.8,70.0,70.0,Lightweight Division,36.0,14,-7,7.0,0.5,6.0,0.43,1.0,0.07
392.0,Dan Ige,0.46,0.27,3.66,3.5,0.57,0.58,0.99,0.25,0.49,12.78,146.0,67.0,71.0,Featherweight Division,33.0,18,-9,6.0,0.33,7.0,0.39,5.0,0.28
393.0,Nassourdine Imavov,0.56,0.32,4.45,3.26,0.59,0.79,0.85,1.14,0.19,14.38,185.0,75.0,75.0,Middleweight Division,28.0,16,-4,7.0,0.44,5.0,0.31,4.0,0.25
394.0,Mizuki,0.51,0.14,4.56,5.62,0.49,0.85,0.33,0.0,0.0,15.0,119.0,63.0,65.5,Women's Strawweight Division,29.0,15,-6,0.0,0.0,5.0,0.36,9.0,0.64
395.0,Montel Jackson,0.54,0.71,3.39,1.42,0.64,0.69,3.41,0.27,1.77,9.98,135.0,70.0,75.5,Bantamweight Division,32.0,15,-2,8.0,0.57,5.0,0.36,1.0,0.07
397.0,Dustin Jacoby,0.48,0.25,5.33,4.05,0.58,0.63,0.33,0.0,0.5,10.63,205.5,75.0,76.0,Light Heavyweight Division,36.0,20,-9,13.0,0.65,6.0,0.3,1.0,0.05
398.0,Virna Jandiroba,0.38,0.35,2.12,2.73,0.57,0.74,2.29,1.66,0.13,11.78,115.5,63.0,64.0,Women's Strawweight Division,36.0,21,-3,1.0,0.05,5.0,0.25,14.0,0.7
399.0,Ryan Janes,0.48,1.0,7.69,5.53,0.59,0.58,0.35,0.0,0.0,10.63,185.0,75.0,76.5,Middleweight Division,41.0,10,-3,2.0,0.18,2.0,0.18,7.0,0.64
400.0,Jasmine Jasudavicius,0.46,0.45,3.71,3.67,0.51,0.75,2.55,0.51,0.1,14.68,125.0,67.0,68.0,Women's Flyweight Division,35.0,13,-3,2.0,0.15,8.0,0.62,3.0,0.23
401.0,Yazmin Jauregui,0.39,0.0,6.64,5.25,0.55,1.0,0.0,0.0,0.71,8.5,126.0,63.0,64.0,Women's Strawweight Division,25.0,11,-2,7.0,0.64,4.0,0.36,0.0,0.0
402.0,Joanna Jędrzejczyk,0.48,0.63,6.28,3.25,0.63,0.8,0.27,0.05,0.05,18.62,116.0,66.0,65.5,Women's Strawweight Division,36.0,16,-5,4.0,0.25,11.0,0.69,1.0,0.06
403.0,Jack Jenkins,0.61,0.64,4.5,2.97,0.59,0.68,1.78,0.0,0.59,12.62,146.0,67.0,68.0,Featherweight Division,31.0,13,-4,6.0,0.46,4.0,0.31,3.0,0.23
406.0,Li Jingliang,0.42,0.42,4.46,3.95,0.57,0.6,1.19,0.0,0.79,10.53,171.0,72.0,71.5,Welterweight Division,36.0,19,-9,10.0,0.53,5.0,0.26,4.0,0.21
407.0,Miles Johns,0.44,0.2,3.16,2.65,0.68,0.82,0.92,0.0,0.31,13.4,146.0,67.0,68.0,Featherweight Division,30.0,15,-3,4.0,0.27,9.0,0.6,2.0,0.13
408.0,Michael Johnson,0.4,0.4,4.23,3.8,0.58,0.81,0.61,0.04,0.52,11.5,156.0,70.0,73.5,Lightweight Division,38.0,24,-19,10.0,0.42,12.0,0.5,2.0,0.08
409.0,Charles Johnson,0.51,0.24,4.77,3.62,0.57,0.68,0.56,0.44,0.33,13.48,126.0,69.0,70.0,Flyweight Division,34.0,17,-6,7.0,0.41,7.0,0.41,3.0,0.18
412.0,Jon Jones,0.59,0.46,4.38,2.24,0.64,0.95,1.89,0.46,0.25,14.87,237.6,76.0,84.5,Heavyweight Division,37.0,28,-1,11.0,0.39,10.0,0.36,7.0,0.25
413.0,Mason Jones,0.44,0.46,5.61,4.94,0.46,0.8,3.16,0.0,0.0,13.07,155.5,70.0,74.0,Lightweight Division,29.0,11,-2,4.0,0.36,4.0,0.36,3.0,0.27
414.0,Alan Jouban,0.5,0.44,5.67,3.77,0.6,0.59,0.51,0.26,1.15,9.0,170.5,72.0,73.5,Welterweight Division,41.0,17,-7,11.0,0.69,4.0,0.25,1.0,0.06
415.0,Charles Jourdain,0.49,0.21,5.43,4.27,0.57,0.47,0.34,0.59,0.51,11.85,135.0,69.0,69.0,Bantamweight Division,29.0,16,-8,8.0,0.5,2.0,0.13,6.0,0.38
416.0,Kevin Jousset,0.48,0.67,1.0,1.2,0.49,0.63,2.0,0.0,0.0,15.0,171.0,74.0,75.0,Welterweight Division,31.0,10,-4,4.0,0.4,5.0,0.5,1.0,0.1
418.0,Anshul Jubli,0.46,0.18,6.42,5.72,0.5,0.64,0.81,0.4,0.4,9.27,155.5,72.0,69.0,Lightweight Division,30.0,7,-2,2.0,0.29,4.0,0.57,1.0,0.14
419.0,Chan Sung Jung,0.41,0.44,3.93,4.52,0.52,0.73,0.7,0.61,0.43,12.33,162.6,67.0,72.0,Featherweight Division,36.0,17,-8,6.0,0.35,3.0,0.18,8.0,0.47
427.0,Manel Kape,0.56,0.33,5.05,4.15,0.59,0.77,0.47,0.31,0.94,11.97,125.0,65.0,68.0,Flyweight Division,31.0,20,-7,12.0,0.6,3.0,0.15,5.0,0.25
428.0,Ernesta Kareckaitė,0.42,0.67,7.38,6.09,0.48,0.83,0.67,0.0,0.0,15.0,126.0,69.0,71.0,Women's Flyweight Division,26.0,6,-1,2.0,0.33,4.0,0.67,0.0,0.0
429.0,Brad Katona,0.53,0.34,4.84,4.73,0.5,0.62,1.88,0.0,0.0,15.0,135.5,66.0,64.5,Bantamweight Division,33.0,16,-4,1.0,0.07,10.0,0.67,4.0,0.27
430.0,Calvin Kattar,0.39,0.29,4.6,6.62,0.54,0.77,0.36,0.07,0.36,14.77,146.0,71.0,72.0,Featherweight Division,36.0,23,-9,11.0,0.48,10.0,0.43,2.0,0.09
431.0,Lone’er Kavanagh,0.44,0.0,3.62,3.45,0.68,1.0,0.0,0.0,0.86,8.72,126.0,66.0,67.0,Flyweight Division,25.0,8,0,4.0,0.5,3.0,0.38,1.0,0.13
432.0,Toshiomi Kazama,0.53,0.13,1.72,3.89,0.43,0.67,1.68,0.56,0.0,6.68,148.0,67.0,69.0,Bantamweight Division,27.0,11,-4,3.0,0.27,2.0,0.18,6.0,0.55
433.0,Song Kenan,0.47,0.3,4.49,5.82,0.51,0.74,0.42,0.0,0.7,9.8,170.0,72.0,71.5,Welterweight Division,34.0,22,-9,9.0,0.41,4.0,0.18,9.0,0.41
434.0,Tim Kennedy,0.48,0.35,2.78,1.84,0.62,0.71,2.58,0.71,0.09,12.05,186.0,71.0,74.0,Middleweight Division,43.0,18,-6,8.0,0.44,4.0,0.22,6.0,0.33
435.0,Casey Kenney,0.43,0.36,4.85,4.67,0.58,0.61,1.09,0.43,0.0,13.8,136.0,67.0,70.0,Bantamweight Division,32.0,16,-4,2.0,0.13,9.0,0.56,5.0,0.31
436.0,Aliaskhab Khizriev,0.64,0.6,6.01,4.38,0.62,1.0,5.64,3.76,0.0,2.67,186.0,69.0,74.0,Middleweight Division,33.0,14,0,5.0,0.36,4.0,0.29,5.0,0.36
437.0,Pannie Kianzad,0.49,0.33,4.88,4.09,0.51,0.66,0.41,0.1,0.0,13.28,135.5,67.0,68.0,Women's Bantamweight Division,32.0,17,-9,3.0,0.18,14.0,0.82,0.0,0.0
440.0,Yusaku Kinoshita,0.5,0.0,4.65,5.12,0.52,0.5,0.0,0.0,0.78,6.38,184.4,72.0,71.5,Welterweight Division,23.0,6,-3,4.0,0.67,0.0,0.0,2.0,0.33
441.0,Kamuela Kirk,0.5,0.26,3.22,5.87,0.4,0.47,1.5,1.2,0.0,12.52,155.5,70.0,75.0,Lightweight Division,29.0,12,-6,5.0,0.42,1.0,0.08,6.0,0.5
442.0,Ludovit Klein,0.55,0.52,3.81,3.22,0.54,0.91,1.7,0.0,0.61,12.32,169.8,67.0,72.5,Lightweight Division,29.0,23,-4,9.0,0.39,6.0,0.26,8.0,0.35
444.0,Fatima Kline,0.48,1.0,2.21,1.68,0.55,0.5,1.84,0.0,0.0,12.23,116.0,66.0,67.0,Women's Strawweight Division,24.0,7,-1,3.0,0.43,3.0,0.43,1.0,0.14
446.0,Drakkar Klose,0.55,0.28,4.33,3.54,0.5,0.69,1.65,0.0,0.22,11.33,156.0,69.0,70.0,Lightweight Division,36.0,15,-3,6.0,0.4,9.0,0.6,0.0,0.0
448.0,Roman Kopylov,0.51,0.42,4.96,4.86,0.55,0.87,1.17,0.0,0.88,11.35,185.5,72.0,75.0,Middleweight Division,32.0,14,-3,12.0,0.86,2.0,0.14,0.0,0.0
450.0,Karolina Kowalkiewicz,0.43,0.23,5.54,5.51,0.58,0.75,0.31,0.19,0.0,13.25,115.5,63.0,64.0,Women's Strawweight Division,39.0,16,-9,1.0,0.06,12.0,0.75,3.0,0.19
451.0,James Krause,0.5,0.18,4.79,4.11,0.62,0.6,0.96,0.87,0.26,11.43,171.0,74.0,73.5,Welterweight Division,37.0,28,-9,8.0,0.3,5.0,0.19,14.0,0.52
458.0,Guram Kutateladze,0.46,0.2,3.95,3.95,0.57,0.79,0.77,0.0,0.26,14.57,164.2,71.0,72.0,Lightweight Division,32.0,13,-4,7.0,0.58,4.0,0.33,1.0,0.08
459.0,Luan Lacerda,0.44,0.25,4.52,7.07,0.48,0.75,1.26,0.63,0.0,11.95,136.0,67.0,71.5,Bantamweight Division,30.0,12,-3,0.0,0.0,2.0,0.17,10.0,0.83
464.0,Ricardo Lamas,0.47,0.34,3.13,2.87,0.58,0.47,1.84,0.95,0.19,10.28,145.0,68.0,71.0,Featherweight Division,41.0,20,-8,6.0,0.32,8.0,0.42,5.0,0.26
465.0,Nate Landwehr,0.46,0.42,5.59,5.77,0.53,0.74,0.85,0.85,0.17,9.8,145.5,69.0,72.0,Featherweight Division,36.0,18,-6,9.0,0.5,7.0,0.39,2.0,0.11
467.0,Taylor Lapilus,0.48,0.33,4.59,2.61,0.63,0.77,0.27,0.27,0.27,13.93,151.0,66.0,73.0,Bantamweight Division,32.0,21,-4,4.0,0.18,12.0,0.55,6.0,0.27
468.0,Joe Lauzon,0.4,0.45,2.84,5.39,0.55,0.55,2.39,2.04,0.21,7.88,154.8,70.0,71.5,Lightweight Division,39.0,28,-16,9.0,0.32,2.0,0.07,17.0,0.61
470.0,Robbie Lawler,0.47,0.64,3.85,4.67,0.59,0.65,0.65,0.0,0.61,11.27,170.5,71.0,74.0,Welterweight Division,41.0,30,-16,22.0,0.73,7.0,0.23,1.0,0.03
471.0,Ronnie Lawrence,0.56,0.77,2.78,1.75,0.52,0.45,6.75,0.25,0.75,12.0,136.0,68.0,68.5,Bantamweight Division,31.0,8,-2,4.0,0.5,4.0,0.5,0.0,0.0
472.0,Quang Le,0.36,0.23,3.02,5.52,0.46,1.0,1.7,0.0,0.0,13.23,136.0,66.5,70.0,Bantamweight Division,33.0,8,-2,2.0,0.25,3.0,0.38,3.0,0.38
473.0,Carlos Leal,0.44,0.25,7.13,7.27,0.51,0.89,1.0,0.0,0.0,15.0,169.5,71.0,74.0,Welterweight Division,30.0,21,-6,10.0,0.83,0.0,0.0,2.0,0.17
474.0,Jordan Leavitt,0.61,0.25,2.55,1.84,0.57,0.3,2.19,1.09,0.27,6.87,168.0,69.0,71.0,Lightweight Division,28.0,11,-3,2.0,0.18,3.0,0.27,6.0,0.55
475.0,Kevin Lee,0.42,0.43,3.88,3.6,0.5,0.75,3.18,0.76,0.07,11.43,191.0,70.0,77.0,Welterweight Division,30.0,18,-8,3.0,0.16,8.0,0.42,8.0,0.42
477.0,JeongYeong Lee,0.53,0.67,2.84,2.81,0.51,0.77,0.93,0.46,0.46,6.48,157.8,70.0,73.5,Featherweight Division,28.0,11,-2,4.0,0.36,4.0,0.36,3.0,0.27
479.0,Amanda Lemos,0.54,0.64,3.16,3.87,0.44,0.62,0.9,0.77,0.77,9.72,116.0,64.0,65.0,Women's Strawweight Division,37.0,14,-4,8.0,0.57,3.0,0.21,3.0,0.21
480.0,Brock Lesnar,0.72,0.55,3.53,2.11,0.51,0.6,3.9,0.49,0.49,6.83,265.5,75.0,81.0,Heavyweight Division,45.0,6,-3,0.0,0.0,0.0,0.0,0.0,0.0
481.0,Natan Levy,0.52,0.58,3.7,3.19,0.59,0.41,5.03,0.48,0.0,12.53,155.0,69.0,71.0,Lightweight Division,32.0,8,-2,0.0,0.0,5.0,0.63,3.0,0.38
482.0,Derrick Lewis,0.51,0.26,2.48,2.48,0.41,0.53,0.57,0.0,0.57,9.15,266.0,75.0,79.0,Heavyweight Division,40.0,28,-12,23.0,0.82,4.0,0.14,1.0,0.04
486.0,Felipe Lima,0.45,0.43,3.5,2.32,0.73,0.83,1.71,1.14,0.0,13.13,146.0,66.0,68.0,Featherweight Division,26.0,14,-1,4.0,0.29,7.0,0.5,3.0,0.21
487.0,Andre Lima,0.56,0.67,3.03,2.48,0.57,0.74,1.13,1.13,0.0,13.22,125.5,67.0,67.5,Flyweight Division,25.0,10,0,5.0,0.5,5.0,0.5,0.0,0.0
488.0,Austin Lingo,0.38,0.67,3.86,4.86,0.57,0.76,0.43,0.0,0.43,13.83,157.0,70.0,70.0,Featherweight Division,29.0,9,-3,3.0,0.33,4.0,0.44,2.0,0.22
489.0,Philipe Lins,0.49,0.33,3.8,3.59,0.46,1.0,1.65,0.0,0.24,10.58,205.5,74.0,78.0,Light Heavyweight Division,37.0,18,-5,9.0,0.5,5.0,0.28,4.0,0.22
490.0,Tainara Lisboa,0.51,0.4,2.05,1.4,0.55,0.7,2.05,0.51,0.0,14.67,134.0,67.0,67.0,Women's Bantamweight Division,32.0,7,-2,3.0,0.6,0.0,0.0,2.0,0.4
491.0,Ryan Loder,0.81,0.33,6.16,0.15,0.5,1.0,2.2,2.2,0.0,6.82,186.0,73.0,76.0,Middleweight Division,33.0,8,-1,5.0,0.63,3.0,0.38,0.0,0.0
493.0,Xiao Long,0.5,0.25,5.4,4.27,0.51,0.77,0.84,0.0,0.21,14.3,135.0,68.0,70.0,Bantamweight Division,26.0,27,-8,5.0,0.19,13.0,0.48,9.0,0.33
494.0,Loma Lookboonmee,0.58,0.5,4.1,2.48,0.53,0.73,1.9,0.14,0.0,13.85,120.8,61.0,61.5,Women's Strawweight Division,28.0,9,-3,1.0,0.14,6.0,0.86,0.0,0.0
495.0,Ange Loosa,0.45,0.38,5.6,6.68,0.53,0.83,2.41,0.19,0.0,13.5,170.0,70.0,74.0,Welterweight Division,31.0,10,-4,5.0,0.5,4.0,0.4,1.0,0.1
496.0,Bruno Lopes,0.44,0.33,2.89,3.0,0.6,1.0,2.68,0.0,0.0,9.33,205.5,74.0,74.5,Light Heavyweight Division,31.0,14,-1,6.0,0.43,3.0,0.21,5.0,0.36
497.0,Diego Lopes,0.54,0.4,4.2,4.11,0.51,0.53,0.5,2.76,0.75,8.55,145.0,71.0,72.5,Featherweight Division,30.0,26,-6,10.0,0.38,4.0,0.15,12.0,0.46
500.0,Iasmin Lucindo,0.45,0.58,3.52,2.91,0.67,0.67,2.4,0.22,0.0,13.73,116.0,63.0,66.0,Women's Strawweight Division,23.0,17,-5,8.0,0.47,6.0,0.35,3.0,0.18
501.0,Vicente Luque,0.52,0.54,5.05,5.22,0.53,0.63,0.99,0.71,0.71,9.62,170.5,71.0,75.5,Welterweight Division,33.0,23,-10,11.0,0.48,3.0,0.13,9.0,0.39
502.0,Tucker Lutz,0.47,0.44,3.74,3.25,0.44,0.69,1.99,0.18,0.0,13.8,163.0,68.0,72.0,Featherweight Division,29.0,12,-4,6.0,0.5,4.0,0.33,2.0,0.17
503.0,Veronica Hardy,0.45,0.41,3.12,3.48,0.49,0.56,0.93,0.27,0.0,12.48,125.8,64.0,64.0,Women's Flyweight Division,29.0,9,-5,1.0,0.11,6.0,0.67,2.0,0.22
506.0,Mark Madsen,0.49,0.67,3.56,3.97,0.52,0.63,2.86,0.0,0.0,10.5,154.6,68.0,72.0,Lightweight Division,39.0,12,-2,3.0,0.25,6.0,0.5,3.0,0.25
507.0,Neil Magny,0.46,0.39,3.43,2.48,0.52,0.54,2.12,0.25,0.07,12.27,171.0,75.0,80.0,Welterweight Division,37.0,29,-14,8.0,0.28,17.0,0.59,4.0,0.14
510.0,Abus Magomedov,0.44,0.65,2.65,3.35,0.56,1.0,3.12,0.28,0.28,10.58,185.0,74.0,78.0,Middleweight Division,34.0,27,-6,14.0,0.52,6.0,0.22,7.0,0.26
511.0,Zabit Magomedsharipov,0.48,0.56,4.89,3.0,0.65,0.78,5.22,0.77,0.0,12.93,146.0,73.0,73.0,Featherweight Division,32.0,18,-1,6.0,0.14,31.0,0.7,7.0,0.16
512.0,Maheshate,0.29,0.0,3.86,5.64,0.54,0.45,0.0,0.0,0.44,11.48,155.5,72.0,71.5,Lightweight Division,25.0,10,-4,4.0,0.4,5.0,0.5,1.0,0.1
513.0,Jennifer Maia,0.39,0.28,4.35,4.52,0.56,0.59,0.42,0.08,0.0,14.95,125.0,64.0,64.0,Women's Flyweight Division,34.0,21,-10,4.0,0.2,11.0,0.55,5.0,0.25
515.0,John Makdessi,0.5,0.0,5.52,4.15,0.68,0.86,0.0,0.0,0.37,12.13,154.5,68.0,68.0,Lightweight Division,38.0,18,-9,9.0,0.5,9.0,0.5,0.0,0.0
516.0,Islam Makhachev,0.59,0.54,2.63,1.55,0.61,0.91,3.2,1.13,0.35,10.2,154.5,70.0,70.5,Lightweight Division,33.0,27,-1,5.0,0.19,9.0,0.33,13.0,0.48
517.0,Azat Maksum,0.24,0.22,2.8,5.23,0.56,0.67,2.0,0.5,0.5,15.0,137.5,67.0,70.0,Flyweight Division,28.0,17,-1,5.0,0.29,5.0,0.29,7.0,0.41
518.0,Jacob Malkoun,0.56,0.42,3.86,2.48,0.53,0.2,6.62,0.43,0.0,10.03,198.4,69.0,73.0,Middleweight Division,28.0,8,-3,3.0,0.38,5.0,0.63,0.0,0.0
519.0,Mike Malott,0.47,0.56,3.85,3.06,0.53,0.17,2.27,0.76,0.5,8.48,170.5,73.0,73.0,Welterweight Division,33.0,11,-2,4.0,0.36,1.0,0.09,6.0,0.55
520.0,Marnic Mann,0.41,0.33,1.47,5.08,0.31,0.25,1.9,0.38,0.0,13.18,125.1,60.0,60.0,Women's Strawweight Division,31.0,6,-3,3.0,0.5,2.0,0.33,1.0,0.17
521.0,Daniel Marcos,0.54,0.5,5.9,4.25,0.62,0.88,0.59,0.0,0.59,12.63,136.0,67.0,69.0,Bantamweight Division,31.0,17,0,8.0,0.47,9.0,0.53,0.0,0.0
522.0,Chepe Mariscal,0.57,0.39,4.75,3.24,0.5,0.73,3.09,0.28,0.0,13.33,149.5,67.0,69.0,Featherweight Division,31.0,17,-6,6.0,0.35,8.0,0.47,3.0,0.18
523.0,Francis Marshall,0.34,0.42,3.69,4.16,0.54,0.5,2.68,0.54,0.54,11.2,156.0,69.0,72.0,Featherweight Division,25.0,8,-2,1.0,0.13,3.0,0.38,4.0,0.5
525.0,Jonathan Martinez,0.5,0.36,4.44,4.09,0.57,0.68,0.38,0.08,0.68,13.32,135.8,68.0,70.0,Bantamweight Division,30.0,19,-6,9.0,0.47,8.0,0.42,2.0,0.11
526.0,Melissa Martinez,0.52,0.5,3.9,4.33,0.56,0.25,0.5,0.0,0.0,15.0,115.5,62.0,66.0,Women's Strawweight Division,27.0,8,-1,5.0,0.63,3.0,0.38,0.0,0.0
530.0,Jorge Masvidal,0.48,0.59,4.05,3.05,0.64,0.73,1.38,0.32,0.43,13.58,171.0,71.0,74.0,Welterweight Division,38.0,35,-17,16.0,0.46,17.0,0.49,2.0,0.06
532.0,Jean Matsumoto,0.41,0.27,5.2,5.05,0.46,0.58,1.13,0.38,0.0,13.33,157.6,66.0,68.5,Bantamweight Division,25.0,16,0,3.0,0.19,7.0,0.44,6.0,0.38
533.0,Jake Matthews,0.44,0.41,3.45,2.63,0.61,0.68,1.46,0.55,0.3,11.73,170.5,71.5,73.0,Welterweight Division,30.0,21,-7,6.0,0.29,8.0,0.38,7.0,0.33
534.0,Connor Matthews,0.43,0.56,5.08,6.25,0.56,0.5,3.46,0.69,0.0,10.83,146.0,68.0,71.0,Featherweight Division,32.0,7,-3,1.0,0.14,1.0,0.14,5.0,0.71
535.0,Miranda Maverick,0.45,0.42,3.39,2.31,0.61,0.44,2.39,0.31,0.0,13.13,126.0,63.5,65.5,Women's Flyweight Division,27.0,17,-5,1.0,0.06,8.0,0.47,8.0,0.47
536.0,Don'Tale Mayes,0.44,0.39,3.49,3.77,0.47,0.58,0.64,0.0,0.27,11.7,266.0,78.0,81.0,Heavyweight Division,33.0,11,-8,7.0,0.64,4.0,0.36,0.0,0.0
537.0,Molly McCann,0.5,0.37,5.39,4.72,0.63,0.39,1.84,0.54,0.22,10.63,121.7,64.0,62.0,Women's Strawweight Division,34.0,14,-7,6.0,0.43,7.0,0.5,1.0,0.07
539.0,Court McGee,0.37,0.26,4.6,3.59,0.61,0.7,1.87,0.47,0.16,12.53,170.0,71.0,75.5,Welterweight Division,40.0,23,-13,5.0,0.22,11.0,0.48,7.0,0.3
540.0,Marcus McGhee,0.48,0.33,6.06,2.83,0.65,1.0,0.46,0.46,1.37,8.22,135.6,68.0,69.0,Bantamweight Division,34.0,10,-1,8.0,0.8,1.0,0.1,1.0,0.1
541.0,Conor McGregor,0.5,0.56,5.32,4.66,0.54,0.67,0.67,0.13,1.73,8.03,156.0,69.0,74.0,Lightweight Division,34.0,22,-6,19.0,0.86,2.0,0.09,1.0,0.05
542.0,Rhys McKee,0.46,0.0,4.8,7.85,0.43,0.41,0.0,0.0,0.0,12.03,186.0,74.0,78.0,Welterweight Division,28.0,13,-6,10.0,0.77,0.0,0.0,3.0,0.23
543.0,Terrance McKinney,0.56,0.37,5.91,2.59,0.48,0.78,3.23,1.39,1.39,2.95,156.0,70.0,73.5,Lightweight Division,30.0,16,-7,8.0,0.5,0.0,0.0,8.0,0.5
544.0,Tim Means,0.49,0.4,5.04,3.65,0.6,0.65,1.14,0.16,0.57,9.63,171.0,74.0,75.0,Welterweight Division,40.0,33,-17,20.0,0.61,8.0,0.24,5.0,0.15
545.0,MarQuel Mederos,0.45,0.0,4.39,3.29,0.63,0.91,0.0,0.0,0.78,9.58,173.0,70.0,69.5,Lightweight Division,27.0,9,-1,6.0,0.75,2.0,0.25,0.0,0.0
546.0,Uroš Medić,0.61,0.5,5.49,3.46,0.56,0.56,0.37,0.0,2.6,5.05,171.0,73.0,71.0,Welterweight Division,31.0,10,-3,8.0,0.8,0.0,0.0,2.0,0.2
547.0,Gerald Meerschaert,0.46,0.35,3.1,3.45,0.53,0.43,2.01,1.52,0.24,8.5,185.0,73.0,77.5,Middleweight Division,37.0,37,-18,6.0,0.16,2.0,0.05,29.0,0.78
548.0,Chad Mendes,0.5,0.56,2.78,2.35,0.67,1.0,4.13,0.28,0.73,9.08,146.0,66.0,66.0,Featherweight Division,38.0,18,-5,8.0,0.44,8.0,0.44,2.0,0.11
549.0,Mateus Mendonça,0.4,0.27,1.66,4.14,0.3,0.56,2.54,0.42,0.85,8.87,137.6,66.0,71.5,Flyweight Division,25.0,10,-3,3.0,0.3,3.0,0.3,4.0,0.4
550.0,Alonzo Menifield,0.54,0.33,3.77,3.7,0.49,0.76,0.63,0.25,0.75,7.05,222.0,72.0,76.0,Light Heavyweight Division,37.0,15,-5,10.0,0.67,2.0,0.13,3.0,0.2
553.0,Jonathan Micallef,0.44,0.5,4.77,4.0,0.59,0.5,0.83,0.83,0.83,9.02,170.0,72.0,77.0,Welterweight Division,25.0,8,-1,2.0,0.25,3.0,0.38,3.0,0.38
554.0,Jim Miller,0.42,0.44,2.99,3.51,0.57,0.49,1.52,1.69,0.21,9.65,155.6,68.0,71.0,Lightweight Division,41.0,38,-18,7.0,0.18,10.0,0.26,21.0,0.55
558.0,Stipe Miocic,0.53,0.34,4.67,4.01,0.52,0.65,1.74,0.0,0.49,11.35,248.6,77.0,80.0,Heavyweight Division,42.0,20,-5,15.0,0.75,5.0,0.25,0.0,0.0
561.0,Bryce Mitchell,0.6,0.43,2.31,1.53,0.6,0.33,3.39,1.43,0.13,11.52,146.0,70.0,70.0,Featherweight Division,30.0,17,-3,1.0,0.06,7.0,0.41,9.0,0.53
563.0,Renato Moicano,0.49,0.44,4.36,3.55,0.61,0.71,1.82,0.55,0.09,9.15,155.0,71.0,72.0,Lightweight Division,35.0,20,-6,2.0,0.1,8.0,0.4,10.0,0.5
564.0,Thiago Moisés,0.42,0.36,2.5,4.12,0.54,0.54,1.34,1.16,0.27,11.17,155.5,69.0,70.5,Lightweight Division,29.0,19,-8,4.0,0.21,8.0,0.42,7.0,0.37
566.0,Jeffrey Molina,0.48,0.0,7.25,5.04,0.56,0.67,0.0,0.0,0.89,12.7,125.5,66.5,69.0,Flyweight Division,25.0,11,-2,4.0,0.4,2.0,0.2,4.0,0.4
568.0,Marlon Moraes,0.41,0.42,3.37,4.53,0.54,0.46,0.87,0.35,0.87,7.83,136.0,66.0,67.0,Bantamweight Division,35.0,23,-10,10.0,0.43,7.0,0.3,6.0,0.26
569.0,Vince Morales,0.37,0.36,3.84,4.29,0.54,0.61,0.54,0.33,0.33,12.58,136.0,67.0,70.0,Bantamweight Division,34.0,16,-9,7.0,0.44,4.0,0.25,5.0,0.31
570.0,Michael Morales,0.48,0.42,5.42,3.42,0.53,0.92,1.16,0.0,0.92,10.82,171.0,72.0,79.0,Welterweight Division,25.0,17,0,12.0,0.71,4.0,0.24,1.0,0.06
572.0,Brandon Moreno,0.44,0.46,3.99,3.53,0.61,0.64,1.59,0.42,0.21,16.67,135.0,67.0,70.0,Flyweight Division,30.0,22,-8,5.0,0.23,6.0,0.27,11.0,0.5
573.0,Alex Morono,0.4,0.25,4.96,4.56,0.57,0.48,0.34,0.34,0.28,12.07,170.5,71.0,72.0,Welterweight Division,34.0,24,-11,6.0,0.25,11.0,0.46,7.0,0.29
574.0,Maryna Moroz,0.34,0.24,4.42,4.89,0.52,0.43,0.7,0.6,0.0,12.5,135.0,67.0,67.0,Women's Flyweight Division,32.0,11,-6,1.0,0.09,4.0,0.36,6.0,0.55
575.0,Sergey Morozov,0.43,0.32,3.01,2.97,0.61,0.68,3.63,0.0,0.24,12.42,136.0,66.0,67.0,Bantamweight Division,34.0,19,-5,8.0,0.44,7.0,0.39,3.0,0.17
577.0,Eduarda Moura,0.5,0.35,2.6,2.45,0.53,1.0,4.37,0.36,0.0,10.32,125.2,66.0,67.0,Women's Flyweight Division,30.0,11,-1,4.0,0.36,2.0,0.18,5.0,0.45
578.0,Belal Muhammad,0.44,0.39,4.39,3.48,0.57,0.89,2.28,0.16,0.0,14.88,169.0,71.0,72.0,Welterweight Division,36.0,24,-3,5.0,0.21,18.0,0.75,1.0,0.04
579.0,Jamie Mullarkey,0.47,0.34,4.39,4.53,0.54,0.79,2.31,0.14,0.29,9.43,171.9,72.0,74.0,Lightweight Division,29.0,17,-8,10.0,0.63,3.0,0.19,3.0,0.19
580.0,Melissa Mullins,0.56,0.38,3.43,3.26,0.5,0.86,1.53,0.0,0.0,9.82,137.0,67.0,68.0,Women's Bantamweight Division,33.0,7,-1,4.0,0.57,3.0,0.43,0.0,0.0
581.0,Pedro Munhoz,0.42,0.16,5.38,6.29,0.56,0.82,0.48,0.48,0.42,11.47,135.0,66.0,64.5,Bantamweight Division,38.0,20,-10,5.0,0.26,6.0,0.32,8.0,0.42
582.0,Mark Munoz,0.51,0.3,3.12,2.26,0.57,0.58,3.17,0.55,0.22,8.07,186.0,72.0,72.0,Middleweight Division,45.0,14,-6,0.0,0.0,0.0,0.0,0.0,0.0
583.0,Johnny Munoz,0.37,0.26,2.44,2.66,0.55,0.45,2.4,1.75,0.0,11.45,136.0,69.0,71.0,Bantamweight Division,30.0,12,-4,2.0,0.17,3.0,0.25,7.0,0.58
585.0,Kanako Murata,0.57,0.56,2.15,2.4,0.53,1.0,3.38,0.75,0.0,13.33,114.5,61.0,62.0,Women's Strawweight Division,30.0,12,-3,2.0,0.17,6.0,0.5,4.0,0.33
586.0,Lauren Murphy,0.39,0.25,4.05,5.25,0.55,0.7,1.03,0.07,0.07,14.58,125.5,65.0,67.0,Women's Flyweight Division,39.0,16,-6,8.0,0.53,6.0,0.4,1.0,0.07
587.0,Lerone Murphy,0.54,0.54,4.8,2.67,0.6,0.49,1.78,0.55,0.27,13.7,145.5,69.0,73.5,Featherweight Division,33.0,15,0,7.0,0.47,8.0,0.53,0.0,0.0
589.0,Azamat Murzakanov,0.56,0.15,4.72,2.9,0.62,0.83,0.62,0.0,1.55,9.67,205.0,70.0,71.5,Light Heavyweight Division,35.0,14,0,10.0,0.77,2.0,0.15,1.0,0.08
592.0,Muhammad Naimov,0.42,0.36,2.94,3.77,0.44,0.67,1.85,0.0,0.23,10.83,145.5,69.0,70.0,Featherweight Division,30.0,12,-3,6.0,0.5,4.0,0.33,2.0,0.17
593.0,Rinya Nakamura,0.52,0.82,3.1,1.7,0.64,1.0,2.63,1.46,1.17,8.55,135.0,67.0,68.5,Bantamweight Division,29.0,9,-1,5.0,0.56,3.0,0.33,1.0,0.11
594.0,Rose Namajunas,0.42,0.51,3.71,3.48,0.64,0.61,1.46,0.39,0.28,15.68,125.0,65.0,65.0,Women's Flyweight Division,32.0,14,-7,2.0,0.14,6.0,0.43,6.0,0.43
595.0,Allan Nascimento,0.61,0.26,3.21,2.28,0.5,0.17,1.55,0.93,0.0,12.07,125.0,68.5,69.5,Flyweight Division,32.0,20,-6,2.0,0.1,4.0,0.2,14.0,0.7
597.0,Rafael Natal,0.48,0.34,3.1,2.48,0.58,0.77,2.55,0.5,0.35,12.45,185.2,72.0,76.0,Middleweight Division,40.0,21,-9,0.0,0.0,0.0,0.0,0.0,0.0
598.0,Ismail Naurdiev,0.54,0.4,3.41,1.52,0.67,0.73,1.6,0.2,0.0,15.0,185.0,72.0,74.0,Middleweight Division,28.0,24,-7,12.0,0.5,6.0,0.25,6.0,0.25
599.0,Geoff Neal,0.51,0.5,5.05,5.44,0.57,0.88,0.56,0.11,1.01,10.23,171.0,71.0,75.0,Welterweight Division,34.0,16,-6,10.0,0.63,4.0,0.25,2.0,0.13
600.0,Nicolae Negumereanu,0.41,0.29,3.58,5.56,0.39,0.63,1.02,0.0,0.0,9.77,206.0,72.5,78.0,Light Heavyweight Division,28.0,13,-2,8.0,0.62,2.0,0.15,3.0,0.23
602.0,Kyle Nelson,0.46,0.21,3.51,4.72,0.52,0.73,1.06,0.6,0.0,9.93,148.5,71.0,71.0,Featherweight Division,33.0,16,-6,6.0,0.38,6.0,0.38,4.0,0.25
603.0,Gunnar Nelson,0.61,0.59,1.84,3.0,0.5,0.67,1.9,1.0,0.1,10.03,170.0,71.0,72.0,Welterweight Division,34.0,19,-5,4.0,0.2,3.0,0.15,13.0,0.65
606.0,Journey Newson,0.33,0.17,2.64,2.57,0.65,0.44,0.56,0.28,0.28,8.9,135.5,65.0,67.5,Bantamweight Division,34.0,10,-5,3.0,0.3,4.0,0.4,3.0,0.3
607.0,Steven Nguyen,0.4,1.0,7.15,7.36,0.61,0.85,0.28,0.0,0.28,13.43,145.0,71.0,73.0,Featherweight Division,30.0,9,-2,4.0,0.44,2.0,0.22,3.0,0.33
610.0,Mats Nilsson,0.39,0.83,2.99,5.62,0.64,0.44,3.87,2.32,0.0,9.7,171.0,73.0,74.0,Welterweight Division,39.0,11,-4,2.0,0.18,4.0,0.36,5.0,0.45
611.0,Chidi Njokuani,0.64,0.0,4.59,2.67,0.56,0.74,0.0,0.17,0.52,9.7,170.0,75.0,80.0,Welterweight Division,35.0,24,-10,14.0,0.58,9.0,0.38,1.0,0.04
613.0,Minotauro Nogueira,0.43,0.29,1.95,2.4,0.55,0.36,1.3,2.39,0.29,10.82,240.0,75.0,77.0,Heavyweight Division,47.0,34,-10,0.0,0.0,0.0,0.0,0.0,0.0
614.0,Kyle Noke,0.51,0.55,3.23,2.09,0.64,0.67,1.53,0.76,0.38,9.05,170.0,74.0,76.0,Welterweight Division,43.0,22,-10,0.0,0.0,0.0,0.0,0.0,0.0
615.0,Tom Nolan,0.46,0.13,5.82,4.85,0.46,0.67,0.41,1.65,0.83,7.25,155.5,75.0,73.0,Lightweight Division,24.0,9,-1,5.0,0.56,4.0,0.44,0.0,0.0
617.0,Amanda Nunes,0.52,0.55,4.55,2.62,0.58,0.82,2.73,0.7,0.63,10.73,135.0,68.0,69.0,Women's Bantamweight Division,35.0,23,-5,13.0,0.25,36.0,0.68,4.0,0.08
621.0,Khabib Nurmagomedov,0.49,0.48,4.1,1.75,0.65,0.85,5.32,0.79,0.17,13.22,155.0,70.0,70.0,Lightweight Division,34.0,29,0,8.0,0.28,10.0,0.34,11.0,0.38
622.0,Said Nurmagomedov,0.48,0.15,3.38,2.25,0.56,0.62,1.01,1.18,0.17,8.92,135.5,68.0,70.0,Bantamweight Division,32.0,18,-4,4.0,0.22,8.0,0.44,6.0,0.33
623.0,Abubakar Nurmagomedov,0.53,0.22,2.78,2.61,0.65,0.89,1.25,0.0,0.0,11.97,170.0,71.0,72.0,Welterweight Division,33.0,17,-4,6.0,0.35,7.0,0.41,4.0,0.24
624.0,Umar Nurmagomedov,0.57,0.4,4.38,2.15,0.61,0.79,3.26,0.31,0.16,13.8,135.0,68.0,69.0,Bantamweight Division,29.0,18,-1,2.0,0.11,9.0,0.5,7.0,0.39
625.0,Kennedy Nzechukwu,0.47,0.45,5.37,4.89,0.51,0.81,0.56,0.22,0.45,8.95,236.5,77.0,83.0,Heavyweight Division,32.0,14,-5,10.0,0.71,3.0,0.21,1.0,0.07
626.0,Sean O'Malley,0.61,0.43,6.7,3.48,0.61,0.62,0.29,0.29,0.77,11.07,135.0,71.0,72.0,Bantamweight Division,30.0,18,-2,12.0,0.67,5.0,0.28,1.0,0.06
627.0,Casey O'Neill,0.53,0.35,7.89,5.65,0.57,0.7,1.45,0.73,0.0,11.82,125.5,66.0,69.0,Women's Flyweight Division,27.0,10,-2,3.0,0.3,5.0,0.5,2.0,0.2
630.0,Volkan Oezdemir,0.49,0.29,4.95,4.22,0.55,0.8,0.5,0.1,0.6,9.95,206.0,74.0,75.0,Light Heavyweight Division,35.0,20,-8,13.0,0.65,5.0,0.25,2.0,0.1
632.0,Trey Ogden,0.5,0.33,3.2,3.49,0.56,1.0,1.89,0.73,0.0,14.73,155.5,71.0,72.0,Lightweight Division,35.0,18,-7,0.0,0.0,7.0,0.39,11.0,0.61
634.0,Bolaji Oki,0.46,0.75,5.63,2.58,0.64,0.86,2.11,0.0,0.7,7.12,167.4,70.0,73.0,Lightweight Division,28.0,9,-2,5.0,0.56,3.0,0.33,1.0,0.11
635.0,Michal Oleksiejczuk,0.51,0.44,5.08,4.61,0.59,0.48,1.08,0.0,1.08,6.47,197.8,72.0,74.0,Middleweight Division,29.0,19,-9,14.0,0.74,4.0,0.21,1.0,0.05
636.0,Vinicius Oliveira,0.44,0.6,4.92,2.77,0.53,0.76,1.89,0.31,0.63,11.93,135.0,69.0,70.5,Bantamweight Division,29.0,22,-3,16.0,0.73,4.0,0.18,2.0,0.09
637.0,Charles Oliveira,0.55,0.4,3.4,3.21,0.49,0.56,2.25,2.66,0.46,7.63,155.6,70.0,74.0,Lightweight Division,35.0,35,-10,10.0,0.29,4.0,0.11,21.0,0.6
638.0,Saimon Oliveira,0.41,0.25,2.82,3.91,0.48,0.35,1.21,1.61,0.0,12.43,136.0,64.0,72.0,Bantamweight Division,32.0,18,-5,5.0,0.28,2.0,0.11,11.0,0.61
641.0,David Onama,0.5,0.2,5.6,5.07,0.52,0.53,0.73,0.55,0.73,11.68,155.6,71.0,74.0,Lightweight Division,30.0,13,-2,7.0,0.54,2.0,0.15,4.0,0.31
643.0,Brian Ortega,0.38,0.26,4.08,6.59,0.5,0.56,1.07,1.07,0.45,12.95,146.0,68.0,69.0,Featherweight Division,33.0,16,-4,3.0,0.19,5.0,0.31,8.0,0.5
644.0,Ode Osbourne,0.41,0.29,3.26,4.01,0.45,0.63,1.21,0.61,0.61,6.75,140.8,67.0,73.0,Flyweight Division,32.0,12,-8,5.0,0.42,3.0,0.25,4.0,0.33
646.0,Angel Pacheco,0.39,0.0,9.5,11.47,0.41,0.29,0.0,0.0,0.0,15.0,147.0,68.0,70.0,Bantamweight Division,32.0,7,-3,5.0,0.71,0.0,0.0,2.0,0.29
648.0,Fernando Padilla,0.4,0.0,6.07,5.74,0.52,1.0,0.0,0.61,1.23,6.1,145.5,73.0,76.0,Featherweight Division,28.0,16,-6,5.0,0.31,2.0,0.13,9.0,0.56
651.0,Alexandre Pantoja,0.5,0.47,4.41,3.92,0.5,0.68,2.74,0.89,0.3,12.65,124.5,65.0,67.0,Flyweight Division,34.0,29,-5,8.0,0.28,10.0,0.34,11.0,0.38
653.0,Josh Parisian,0.48,0.33,4.55,4.88,0.41,0.46,0.98,0.2,0.39,8.47,266.0,76.0,79.0,Heavyweight Division,34.0,15,-8,11.0,0.73,2.0,0.13,2.0,0.13
654.0,JunYong Park,0.52,0.47,4.77,3.42,0.54,0.58,1.85,0.92,0.12,11.8,185.5,70.0,73.0,Middleweight Division,34.0,18,-6,5.0,0.28,7.0,0.39,6.0,0.33
656.0,HyunSung Park,0.45,0.27,4.15,3.43,0.6,1.0,1.54,2.57,1.03,7.3,125.0,67.0,66.0,Flyweight Division,29.0,9,0,4.0,0.44,1.0,0.11,4.0,0.44
657.0,Mick Parkin,0.53,0.42,4.91,4.15,0.58,0.5,1.49,0.3,0.3,10.07,265.0,76.0,79.0,Heavyweight Division,29.0,10,0,5.0,0.56,3.0,0.33,1.0,0.11
658.0,Preston Parsons,0.52,0.37,3.54,3.25,0.55,0.71,3.46,2.31,0.0,10.83,171.0,71.0,71.0,Welterweight Division,29.0,11,-6,0.0,0.0,2.0,0.18,9.0,0.82
659.0,Jonny Parsons,0.45,0.0,4.65,4.89,0.6,0.67,0.0,0.0,1.2,12.48,171.0,69.0,69.0,Welterweight Division,32.0,9,-3,7.0,0.78,2.0,0.22,0.0,0.0
663.0,Sam Patterson,0.38,1.0,2.66,3.37,0.49,0.33,1.94,3.89,0.0,3.87,182.9,75.0,78.0,Welterweight Division,28.0,12,-2,4.0,0.33,1.0,0.08,7.0,0.58
665.0,Sergei Pavlovich,0.44,0.4,4.54,3.81,0.54,0.75,0.63,0.0,2.2,4.78,249.0,75.0,84.0,Heavyweight Division,32.0,19,-3,15.0,0.79,4.0,0.21,0.0,0.0
666.0,Jonathan Pearce,0.55,0.5,5.12,3.32,0.54,0.56,5.02,0.76,0.0,9.85,145.0,72.0,71.0,Featherweight Division,32.0,14,-7,9.0,0.64,3.0,0.21,2.0,0.14
667.0,Trevor Peek,0.54,0.5,4.39,3.88,0.44,0.53,1.45,0.0,0.41,12.1,155.0,69.0,70.0,Lightweight Division,29.0,9,-3,8.0,0.89,1.0,0.11,0.0,0.0
668.0,Julianna Peña,0.45,0.56,3.25,2.53,0.58,0.23,1.81,0.81,0.0,13.53,134.5,66.0,69.0,Women's Bantamweight Division,35.0,13,-5,3.0,0.23,4.0,0.31,6.0,0.46
671.0,Raquel Pennington,0.49,0.28,4.1,3.32,0.61,0.63,0.83,0.62,0.05,15.3,135.0,67.0,67.5,Women's Bantamweight Division,36.0,16,-10,1.0,0.06,11.0,0.69,4.0,0.25
672.0,Tecia Pennington,0.48,0.14,4.82,3.53,0.62,0.64,0.57,0.06,0.06,13.88,115.0,61.0,60.5,Women's Strawweight Division,35.0,14,-7,1.0,0.07,12.0,0.86,1.0,0.07
673.0,Michel Pereira,0.54,0.52,4.46,4.23,0.53,0.77,1.27,0.81,0.35,10.83,185.5,73.0,73.0,Middleweight Division,31.0,31,-12,11.0,0.37,10.0,0.33,9.0,0.3
674.0,Alex Pereira,0.63,1.0,5.46,3.44,0.55,0.7,0.14,0.28,0.99,10.63,205.0,76.0,79.0,Light Heavyweight Division,37.0,12,-2,10.0,0.83,2.0,0.17,0.0,0.0
675.0,Alex Perez,0.46,0.46,4.19,3.2,0.59,0.77,2.04,0.85,0.68,6.78,126.0,66.0,65.5,Flyweight Division,32.0,25,-9,6.0,0.24,12.0,0.48,7.0,0.28
676.0,Ailin Perez,0.55,0.47,3.1,1.79,0.56,0.67,4.68,0.2,0.2,12.3,135.0,65.0,66.0,Women's Bantamweight Division,30.0,12,-2,4.0,0.33,6.0,0.5,2.0,0.17
677.0,Thomas Petersen,0.61,0.47,4.45,3.99,0.57,1.0,2.67,0.38,0.0,9.83,263.0,73.0,74.0,Heavyweight Division,29.0,9,-3,7.0,0.78,1.0,0.11,1.0,0.11
678.0,Vitor Petrino,0.45,0.57,2.83,2.71,0.47,0.71,3.24,0.61,0.4,10.58,204.5,74.0,77.5,Light Heavyweight Division,27.0,11,-2,7.0,0.64,3.0,0.27,1.0,0.09
679.0,Andre Petroski,0.5,0.54,2.89,2.65,0.51,0.86,3.38,1.49,0.14,11.1,186.0,72.0,73.0,Middleweight Division,33.0,13,-4,4.0,0.31,5.0,0.38,4.0,0.31
680.0,Armen Petrosyan,0.53,0.33,5.95,3.36,0.53,0.32,0.19,0.0,0.19,11.3,186.0,75.0,71.0,Middleweight Division,34.0,9,-4,6.0,0.67,3.0,0.33,0.0,0.0
681.0,Ivana Petrović,0.4,0.44,2.0,2.27,0.55,0.56,2.53,1.08,0.0,13.83,125.0,68.0,70.0,Women's Flyweight Division,30.0,7,-2,3.0,0.43,1.0,0.14,3.0,0.43
683.0,Costas Philippou,0.35,0.43,2.19,2.73,0.54,0.66,0.4,0.27,0.67,11.17,186.0,71.0,73.0,Middleweight Division,43.0,13,-5,0.0,0.0,0.0,0.0,0.0,0.0
684.0,Kyler Phillips,0.44,0.51,5.28,3.47,0.61,0.76,2.63,0.42,0.42,12.03,135.5,68.0,72.0,Bantamweight Division,29.0,12,-3,5.0,0.42,5.0,0.42,2.0,0.17
685.0,Vinc Pichel,0.47,0.54,3.62,3.05,0.56,0.25,2.78,0.22,0.11,12.27,166.6,70.0,72.0,Lightweight Division,41.0,14,-4,8.0,0.57,6.0,0.43,0.0,0.0
686.0,Jamie Pickett,0.48,0.4,2.65,3.62,0.5,0.67,1.26,0.13,0.25,9.93,186.0,74.0,82.0,Middleweight Division,35.0,13,-11,9.0,0.69,4.0,0.31,0.0,0.0
687.0,Brad Pickett,0.32,0.45,3.02,4.63,0.56,0.58,2.47,0.44,0.22,11.47,139.0,66.0,68.0,Bantamweight Division,44.0,26,-14,0.0,0.0,0.0,0.0,0.0,0.0
689.0,Sean Pierson,0.4,0.18,3.84,3.73,0.65,0.67,0.39,0.39,0.19,12.95,170.5,72.0,76.0,Welterweight Division,47.0,14,-6,0.0,0.0,0.0,0.0,0.0,0.0
690.0,Paddy Pimblett,0.53,0.25,4.94,3.75,0.41,0.53,0.91,2.13,0.61,8.23,156.0,70.0,73.0,Lightweight Division,30.0,22,-3,6.0,0.27,6.0,0.27,10.0,0.45
691.0,Luana Pinheiro,0.4,0.33,3.42,4.03,0.62,0.69,1.8,0.2,0.4,10.73,115.5,62.5,62.5,Women's Strawweight Division,32.0,11,-4,2.0,0.18,4.0,0.36,5.0,0.45
693.0,Dustin Poirier,0.51,0.36,5.3,4.33,0.53,0.64,1.24,1.28,0.62,10.28,155.0,69.0,72.0,Lightweight Division,36.0,30,-9,16.0,0.53,7.0,0.23,7.0,0.23
694.0,Julia Polastri,0.55,0.8,5.57,5.31,0.59,0.62,1.11,0.55,0.0,13.52,115.0,62.0,63.5,Women's Strawweight Division,26.0,13,-4,4.0,0.31,6.0,0.46,3.0,0.23
695.0,Santiago Ponzinibbio,0.41,0.32,4.8,4.61,0.62,0.71,0.56,0.0,0.77,11.33,171.0,72.0,73.0,Welterweight Division,38.0,31,-8,17.0,0.55,8.0,0.26,6.0,0.19
696.0,Parker Porter,0.5,0.26,6.55,6.32,0.52,0.67,1.35,0.45,0.0,7.4,268.0,72.0,75.0,Heavyweight Division,38.0,14,-9,6.0,0.43,5.0,0.36,3.0,0.21
697.0,Marcin Prachnio,0.54,0.2,5.57,3.24,0.54,0.54,0.15,0.0,0.15,10.27,218.2,75.0,74.0,Light Heavyweight Division,36.0,17,-8,11.0,0.65,5.0,0.29,1.0,0.06
698.0,Francisco Prado,0.41,0.09,4.38,5.32,0.56,0.25,0.31,0.31,0.31,12.27,170.5,70.0,69.0,Welterweight Division,22.0,12,-3,6.0,0.5,0.0,0.0,6.0,0.5
701.0,Carlos Prates,0.57,1.0,4.39,4.6,0.49,0.92,0.44,0.0,3.54,6.78,170.5,73.0,78.0,Welterweight Division,31.0,21,-6,16.0,0.76,2.0,0.1,3.0,0.14
702.0,Niko Price,0.43,0.3,5.21,5.58,0.49,0.53,1.04,0.66,0.47,8.8,170.5,72.0,76.0,Welterweight Division,35.0,16,-8,10.0,0.63,3.0,0.19,3.0,0.19
703.0,Jiří Procházka,0.56,0.6,5.74,5.7,0.43,0.68,0.6,0.2,0.79,10.78,204.5,75.0,80.0,Light Heavyweight Division,32.0,31,-5,27.0,0.87,1.0,0.03,3.0,0.1
704.0,Lucie Pudilova,0.38,0.32,3.6,4.07,0.5,0.68,0.7,0.6,0.2,13.67,136.7,68.0,67.5,Women's Flyweight Division,30.0,14,-10,3.0,0.21,9.0,0.64,2.0,0.14
705.0,Claudio Puelles,0.5,0.37,1.56,2.78,0.46,0.6,3.17,1.17,0.0,11.23,168.0,70.0,72.0,Lightweight Division,27.0,13,-4,2.0,0.15,4.0,0.31,7.0,0.54
708.0,Joe Pyfer,0.41,0.42,3.72,3.48,0.52,0.5,1.45,0.87,0.87,7.38,204.0,74.0,75.0,Middleweight Division,27.0,13,-3,9.0,0.69,1.0,0.08,3.0,0.23
709.0,Billy Quarantillo,0.55,0.24,7.44,5.83,0.43,0.61,1.47,1.02,0.23,11.08,146.0,70.0,70.0,Featherweight Division,36.0,18,-7,8.0,0.44,5.0,0.28,5.0,0.28
710.0,Landon Quinones,0.4,0.33,6.77,7.7,0.56,1.0,0.5,0.0,0.0,15.0,171.8,69.0,70.0,Lightweight Division,28.0,7,-3,5.0,0.71,1.0,0.14,1.0,0.14
711.0,Cristian Quiñonez,0.4,0.38,4.19,4.55,0.55,0.84,1.37,0.0,0.46,8.18,135.0,68.0,70.0,Bantamweight Division,27.0,18,-5,10.0,0.56,5.0,0.28,3.0,0.17
713.0,Loik Radzhabov,0.44,0.58,2.89,3.76,0.46,0.43,4.65,0.0,0.31,12.1,169.3,71.0,69.0,Lightweight Division,33.0,18,-6,8.0,0.44,5.0,0.28,5.0,0.28
714.0,Shavkat Rakhmonov,0.6,0.26,3.25,2.17,0.51,0.86,1.4,1.2,0.2,10.73,171.0,73.0,77.0,Welterweight Division,30.0,19,0,8.0,0.42,1.0,0.05,10.0,0.53
715.0,Aleksandar Rakić,0.5,0.24,4.16,2.91,0.51,0.86,0.66,0.13,0.52,11.43,206.0,76.0,78.0,Light Heavyweight Division,33.0,14,-5,9.0,0.64,4.0,0.29,1.0,0.07
717.0,Ricardo Ramos,0.36,0.61,3.03,3.85,0.56,0.73,2.77,0.75,0.38,9.18,145.5,69.0,72.0,Featherweight Division,29.0,17,-6,4.0,0.24,6.0,0.35,7.0,0.41
718.0,Mitch Raposo,0.34,0.6,2.29,3.32,0.52,0.5,1.94,0.0,0.0,11.6,125.0,65.0,64.5,Flyweight Division,26.0,9,-2,4.0,0.44,2.0,0.22,3.0,0.33
719.0,Mateusz Rębecki,0.49,0.75,4.7,4.13,0.55,0.45,3.84,0.77,1.02,9.78,160.0,67.0,66.0,Lightweight Division,32.0,20,-2,9.0,0.45,4.0,0.2,7.0,0.35
721.0,Elise Reed,0.53,0.6,3.5,3.15,0.53,0.57,0.49,0.0,0.16,11.5,115.0,63.0,63.0,Women's Strawweight Division,32.0,8,-4,2.0,0.25,6.0,0.75,0.0,0.0
722.0,Zachary Reese,0.59,0.56,4.94,3.45,0.43,0.33,3.5,2.1,0.7,4.28,185.5,76.0,77.0,Middleweight Division,30.0,8,-2,5.0,0.63,1.0,0.13,2.0,0.25
725.0,Solomon Renfro,0.45,0.5,5.2,3.53,0.61,1.0,2.0,0.0,1.0,15.0,170.0,69.5,72.5,Welterweight Division,26.0,0,-1,0.0,0.0,0.0,0.0,0.0,0.0
726.0,Dominick Reyes,0.54,0.29,5.64,3.59,0.49,0.83,0.31,0.31,0.94,8.0,205.0,76.0,77.0,Light Heavyweight Division,35.0,14,-4,9.0,0.64,3.0,0.21,2.0,0.14
729.0,Amanda Ribas,0.4,0.54,4.29,3.24,0.6,0.83,2.06,0.59,0.1,12.75,116.0,64.0,66.0,Women's Strawweight Division,31.0,12,-6,4.0,0.31,5.0,0.38,4.0,0.31
731.0,Esteban Ribovics,0.49,0.67,7.53,4.95,0.58,0.61,0.64,0.32,0.96,9.42,172.8,70.0,69.0,Lightweight Division,28.0,14,-1,7.0,0.5,2.0,0.14,5.0,0.36
732.0,Tabatha Ricci,0.36,0.38,4.18,5.29,0.58,0.82,2.74,0.12,0.0,13.37,115.5,61.0,61.0,Women's Strawweight Division,29.0,11,-3,1.0,0.09,7.0,0.64,3.0,0.27
733.0,Brad Riddell,0.54,0.36,4.71,3.53,0.54,0.63,1.77,0.0,0.2,10.92,155.6,67.0,71.0,Lightweight Division,31.0,10,-4,5.0,0.5,5.0,0.5,0.0,0.0
735.0,Roosevelt Roberts,0.44,0.27,2.84,3.1,0.53,0.5,1.18,0.74,0.0,9.22,165.0,74.0,73.0,Lightweight Division,30.0,12,-6,4.0,0.33,3.0,0.25,5.0,0.42
736.0,Gillian Robertson,0.49,0.4,2.89,2.95,0.57,0.41,2.68,0.98,0.0,10.25,116.0,65.0,63.0,Women's Strawweight Division,29.0,15,-8,2.0,0.13,4.0,0.27,9.0,0.6
737.0,Vagner Rocha,0.43,0.33,2.64,4.5,0.48,0.5,1.4,1.86,0.0,9.45,155.5,70.0,73.0,Lightweight Division,41.0,11,-4,0.0,0.0,0.0,0.0,0.0,0.0
739.0,Gregory Rodrigues,0.53,0.38,5.6,4.95,0.51,0.89,2.31,0.31,0.92,8.87,185.0,75.0,75.0,Middleweight Division,32.0,16,-6,10.0,0.63,3.0,0.19,3.0,0.19
740.0,Yair Rodriguez,0.46,0.27,4.65,3.99,0.52,0.58,0.69,0.69,0.31,13.12,146.0,71.0,71.0,Featherweight Division,32.0,16,-5,6.0,0.38,6.0,0.38,4.0,0.25
741.0,Daniel Rodriguez,0.5,0.55,7.5,5.47,0.58,0.58,0.59,0.1,0.4,11.63,170.0,73.0,74.0,Welterweight Division,38.0,18,-5,8.0,0.44,6.0,0.33,4.0,0.22
742.0,Marina Rodriguez,0.47,0.5,4.64,3.04,0.56,0.63,0.28,0.21,0.14,14.17,115.5,66.0,65.0,Women's Strawweight Division,37.0,17,-5,6.0,0.38,9.0,0.56,1.0,0.06
743.0,Piera Rodriguez,0.48,0.51,3.4,2.63,0.58,0.67,4.06,0.0,0.19,12.93,116.0,63.0,63.5,Women's Strawweight Division,32.0,10,-2,5.0,0.5,5.0,0.5,0.0,0.0
744.0,Christian Rodriguez,0.49,0.53,3.54,2.41,0.58,0.7,1.21,1.21,0.0,12.37,145.0,67.0,71.5,Featherweight Division,27.0,12,-2,3.0,0.25,5.0,0.42,4.0,0.33
749.0,Cortavious Romious,0.38,0.67,2.1,3.02,0.39,0.7,1.97,0.98,0.49,10.17,136.0,64.0,68.0,Bantamweight Division,31.0,9,-3,2.0,0.22,2.0,0.22,5.0,0.56
751.0,Charles Rosa,0.36,0.35,3.08,3.86,0.47,0.38,1.67,1.0,0.0,13.8,145.0,69.0,69.0,Featherweight Division,36.0,14,-8,3.0,0.21,3.0,0.21,8.0,0.57
752.0,Karol Rosa,0.56,0.46,6.22,4.84,0.5,0.7,1.09,0.0,0.18,15.0,135.5,65.0,67.5,Women's Bantamweight Division,30.0,18,-7,4.0,0.22,12.0,0.67,2.0,0.11
754.0,Shannon Ross,0.39,0.0,5.96,7.39,0.55,1.0,0.0,0.0,0.0,4.9,138.0,66.0,74.0,Flyweight Division,34.0,13,-9,7.0,0.54,5.0,0.38,1.0,0.08
756.0,Ronda Rousey,0.53,0.68,4.17,4.14,0.44,0.5,6.26,4.82,0.96,2.6,135.0,66.0,68.0,Women's Bantamweight Division,36.0,12,-2,3.0,0.25,0.0,0.0,9.0,0.75
757.0,Phil Rowe,0.5,0.36,3.65,4.34,0.55,0.57,0.7,0.35,0.53,12.18,171.0,75.0,80.5,Welterweight Division,33.0,10,-5,6.0,0.6,0.0,0.0,4.0,0.4
759.0,Brandon Royval,0.4,0.75,4.46,3.06,0.48,0.45,0.75,1.25,0.37,12.02,125.5,69.0,68.0,Flyweight Division,32.0,17,-7,4.0,0.24,4.0,0.24,9.0,0.53
760.0,Mauricio Ruffy,0.59,0.0,4.7,4.76,0.61,1.0,0.0,0.0,0.87,11.48,164.4,71.0,75.0,Lightweight Division,28.0,11,-1,10.0,0.91,1.0,0.09,0.0,0.0
761.0,Montserrat Ruiz,0.27,0.83,0.79,4.96,0.38,0.33,2.05,0.82,0.0,9.13,118.9,60.0,61.0,Women's Strawweight Division,30.0,10,-4,3.0,0.3,5.0,0.5,2.0,0.2
765.0,Cameron Saaiman,0.47,0.29,5.32,4.18,0.52,0.47,0.91,0.69,0.46,10.93,147.0,68.0,67.0,Bantamweight Division,23.0,9,-2,6.0,0.75,1.0,0.13,1.0,0.13
767.0,Pat Sabatini,0.6,0.44,1.94,1.47,0.49,0.5,3.97,1.99,0.25,7.55,145.0,68.0,70.0,Featherweight Division,34.0,19,-5,2.0,0.11,5.0,0.26,12.0,0.63
768.0,Nazim Sadykhov,0.47,0.63,4.7,5.66,0.48,0.75,1.54,0.31,0.62,9.75,156.0,70.0,69.0,Lightweight Division,30.0,10,-1,7.0,0.7,1.0,0.1,2.0,0.2
769.0,Frankie Saenz,0.47,0.32,3.94,3.5,0.52,0.62,1.74,0.12,0.23,12.93,136.0,66.0,66.0,Bantamweight Division,42.0,13,-7,3.0,0.23,8.0,0.62,2.0,0.15
770.0,Benoît Saint Denis,0.53,0.37,5.17,4.98,0.41,0.69,3.97,1.24,0.99,7.55,156.0,71.0,73.0,Lightweight Division,29.0,13,-3,4.0,0.31,0.0,0.0,9.0,0.69
772.0,Muslim Salikhov,0.5,0.32,3.38,2.9,0.63,0.72,1.08,0.0,0.48,10.4,170.5,71.0,70.0,Welterweight Division,40.0,21,-5,14.0,0.67,5.0,0.24,2.0,0.1
773.0,Quillan Salkilld,0.57,0.41,5.68,4.18,0.44,1.0,8.81,0.98,0.98,7.67,156.0,72.0,75.0,Lightweight Division,25.0,8,-1,3.0,0.38,2.0,0.25,3.0,0.38
775.0,Cory Sandhagen,0.44,0.32,5.02,3.46,0.57,0.63,1.19,0.3,0.3,14.38,136.0,71.0,70.0,Bantamweight Division,32.0,17,-5,7.0,0.41,7.0,0.41,3.0,0.18
777.0,Yana Santos,0.59,0.53,4.42,3.12,0.51,0.43,0.97,0.12,0.12,12.35,135.5,66.0,68.5,Women's Bantamweight Division,35.0,15,-8,7.0,0.5,6.0,0.43,1.0,0.07
778.0,Taila Santos,0.48,0.76,3.39,2.64,0.58,0.86,2.0,1.13,0.38,14.98,133.2,66.0,68.0,Women's Flyweight Division,30.0,19,-3,10.0,0.53,6.0,0.32,3.0,0.16
779.0,Luana Santos,0.51,0.4,4.28,4.15,0.61,0.8,1.62,1.21,0.0,9.28,126.0,66.0,67.0,Women's Flyweight Division,24.0,8,-2,1.0,0.13,3.0,0.38,4.0,0.5
780.0,Gabriel Santos,0.61,0.54,4.35,4.31,0.45,0.88,3.8,1.17,0.29,12.83,145.5,69.0,70.0,Featherweight Division,28.0,12,-2,3.0,0.25,4.0,0.33,5.0,0.42
783.0,Daniel Santos,0.37,0.5,4.26,5.12,0.51,0.73,1.9,0.0,0.38,13.15,135.0,67.0,67.0,Bantamweight Division,29.0,12,-2,6.0,0.5,4.0,0.33,2.0,0.17
787.0,Brendan Schaub,0.38,0.46,2.92,2.22,0.57,0.73,2.32,0.39,0.77,7.05,244.0,76.0,78.0,Heavyweight Division,40.0,11,-5,0.0,0.0,0.0,0.0,0.0,0.0
788.0,Matt Schnell,0.39,0.4,4.39,4.64,0.56,0.5,0.56,0.99,0.14,7.6,135.0,68.0,70.0,Bantamweight Division,35.0,16,-9,2.0,0.13,5.0,0.31,9.0,0.56
789.0,Matthew Semelsberger,0.43,0.57,3.77,4.24,0.54,0.46,1.01,0.38,1.26,10.82,171.0,73.0,75.0,Welterweight Division,32.0,11,-8,6.0,0.55,4.0,0.36,1.0,0.09
791.0,Igor Severino,0.52,0.71,7.17,4.33,0.48,0.5,9.69,0.0,1.94,7.75,125.0,67.0,69.5,Flyweight Division,20.0,8,-1,4.0,0.5,0.0,0.0,4.0,0.5
793.0,Edmen Shahbazyan,0.51,0.39,3.78,3.85,0.47,0.66,1.97,0.49,0.99,7.02,185.5,74.5,74.0,Middleweight Division,27.0,14,-5,12.0,0.86,1.0,0.07,1.0,0.07
795.0,Valentina Shevchenko,0.53,0.64,3.16,2.0,0.64,0.71,2.74,0.34,0.05,18.37,125.0,65.0,67.0,Women's Flyweight Division,36.0,24,-4,8.0,0.33,9.0,0.38,7.0,0.29
796.0,Antonina Shevchenko,0.55,0.43,3.86,2.93,0.53,0.54,0.43,0.43,0.0,11.55,124.5,68.0,67.0,Women's Flyweight Division,38.0,10,-4,3.0,0.11,24.0,0.86,1.0,0.04
799.0,Serhiy Sidey,0.39,0.0,4.87,4.44,0.53,0.2,0.0,1.39,0.46,10.82,135.0,71.0,72.0,Bantamweight Division,28.0,11,-2,7.0,0.64,3.0,0.27,1.0,0.09
800.0,Joaquim Silva,0.43,0.5,3.66,4.53,0.53,0.69,0.39,0.78,0.39,10.55,168.0,68.0,69.0,Lightweight Division,35.0,13,-6,7.0,0.58,2.0,0.17,3.0,0.25
801.0,Mayra Bueno Silva,0.59,0.29,3.83,4.85,0.52,0.64,0.57,1.48,0.0,10.17,126.0,66.0,66.5,Women's Flyweight Division,33.0,10,-5,1.0,0.1,2.0,0.2,7.0,0.7
802.0,Bruno Silva,0.49,0.25,3.54,4.08,0.52,0.6,1.92,0.19,1.15,9.78,126.0,64.0,65.0,Flyweight Division,34.0,14,-6,6.0,0.43,4.0,0.29,4.0,0.29
805.0,Erik Silva,0.7,0.8,2.07,1.57,0.4,0.63,3.76,0.0,0.0,5.32,146.0,69.0,71.0,Featherweight Division,36.0,9,-3,3.0,0.33,2.0,0.22,4.0,0.44
806.0,Natalia Silva,0.48,0.25,5.19,2.35,0.65,0.92,0.4,0.0,0.4,12.4,125.5,64.0,65.0,Women's Flyweight Division,28.0,18,-5,5.0,0.28,6.0,0.33,7.0,0.39
808.0,Maria Silva,0.58,1.0,3.0,1.13,0.63,0.56,2.0,0.5,0.0,15.0,115.0,63.0,65.0,Women's Strawweight Division,27.0,1,-1,0.0,0.0,0.0,0.0,0.0,0.0
811.0,Danny Silva,0.59,0.5,8.3,9.47,0.59,1.0,3.0,0.5,0.5,15.0,145.0,71.0,70.0,Featherweight Division,27.0,9,-1,5.0,0.56,4.0,0.44,0.0,0.0
812.0,Ricky Simon,0.44,0.44,2.99,3.84,0.62,0.75,5.2,0.33,0.33,12.97,150.3,66.0,69.0,Bantamweight Division,32.0,20,-6,6.0,0.3,10.0,0.5,4.0,0.2
814.0,Chas Skelly,0.41,0.34,2.01,3.21,0.49,0.39,1.74,2.27,0.27,9.35,146.0,71.0,72.5,Featherweight Division,38.0,19,-3,4.0,0.21,5.0,0.26,10.0,0.53
815.0,Anthony Smith,0.49,0.24,3.2,4.88,0.45,0.5,0.44,0.61,0.39,9.85,205.5,76.0,76.0,Light Heavyweight Division,36.0,38,-21,19.0,0.5,4.0,0.11,15.0,0.39
817.0,Elijah Smith,0.42,0.53,3.83,3.87,0.48,0.67,4.0,1.0,0.0,15.0,135.5,69.0,71.0,Bantamweight Division,22.0,8,-1,4.0,0.8,0.0,0.0,1.0,0.2
821.0,Joe Solecki,0.54,0.48,1.97,1.85,0.51,0.14,2.06,1.37,0.0,10.93,155.0,69.0,70.5,Lightweight Division,31.0,13,-6,1.0,0.08,4.0,0.31,8.0,0.62
823.0,Benardo Sopaj,0.56,0.71,4.24,4.88,0.5,0.77,2.53,0.0,0.51,14.85,135.0,66.0,66.0,Bantamweight Division,24.0,12,-3,7.0,0.64,1.0,0.09,3.0,0.27
824.0,Punahele Soriano,0.54,0.56,5.0,3.88,0.48,0.38,1.47,0.0,0.98,9.15,171.0,71.0,72.5,Welterweight Division,32.0,11,-4,7.0,0.64,2.0,0.18,2.0,0.18
825.0,Mario Sousa,0.51,0.25,2.82,2.99,0.28,0.38,0.52,0.52,0.0,9.58,185.5,75.0,79.5,Middleweight Division,26.0,1,-2,0.0,0.0,0.0,0.0,0.0,0.0
826.0,Ketlen Souza,0.59,0.25,4.92,4.46,0.51,0.64,0.43,0.43,0.43,8.7,115.5,63.0,63.0,Women's Strawweight Division,30.0,15,-5,8.0,0.53,5.0,0.33,2.0,0.13
828.0,Ryan Spann,0.41,0.35,3.3,3.9,0.44,0.5,1.32,1.69,1.13,5.32,205.5,77.0,79.0,Heavyweight Division,33.0,22,-10,6.0,0.27,3.0,0.14,13.0,0.59
829.0,Felicia Spencer,0.49,0.19,3.21,4.54,0.45,0.27,1.18,0.2,0.0,12.73,145.5,66.0,68.0,Women's Featherweight Division,32.0,9,-3,2.0,0.25,2.0,0.25,4.0,0.5
830.0,Serghei Spivac,0.5,0.66,3.49,3.77,0.49,0.64,4.56,0.63,0.0,7.35,260.0,75.0,78.0,Heavyweight Division,29.0,17,-5,7.0,0.41,2.0,0.12,8.0,0.47
831.0,Daniel Spohn,0.49,0.0,2.42,1.6,0.54,0.29,0.0,2.48,0.0,9.08,206.0,76.0,78.0,Light Heavyweight Division,38.0,16,-5,7.0,0.44,5.0,0.31,4.0,0.25
832.0,Georges St-Pierre,0.54,0.74,3.78,1.4,0.73,0.84,4.16,1.1,0.37,13.15,184.4,70.5,76.0,Middleweight Division,42.0,26,-2,8.0,0.31,12.0,0.46,6.0,0.23
833.0,Cody Stamann,0.47,0.37,4.32,3.91,0.6,0.76,2.17,0.0,0.17,11.98,135.5,66.5,64.5,Bantamweight Division,35.0,21,-8,7.0,0.33,12.0,0.57,2.0,0.1
834.0,Kody Steele,0.33,0.14,4.44,7.17,0.52,1.0,0.62,0.0,0.62,12.07,156.0,69.0,71.0,Lightweight Division,29.0,7,-1,4.0,0.57,2.0,0.29,1.0,0.14
836.0,Aljamain Sterling,0.52,0.3,4.41,2.21,0.59,0.43,2.51,0.69,0.0,13.37,145.5,67.0,71.0,Featherweight Division,35.0,24,-5,3.0,0.13,13.0,0.54,8.0,0.33
837.0,Navajo Stirling,0.56,0.0,5.82,2.55,0.59,0.73,0.0,0.0,0.67,11.18,206.0,76.0,79.0,Light Heavyweight Division,27.0,6,0,4.0,0.67,2.0,0.33,0.0,0.0
839.0,Julija Stoliarenko,0.39,0.28,2.49,4.54,0.46,0.55,0.93,1.67,0.0,10.13,139.8,67.0,66.0,Women's Flyweight Division,30.0,11,-8,0.0,0.0,1.0,0.09,10.0,0.91
840.0,Dustin Stoltzfus,0.45,0.41,3.47,3.29,0.47,0.46,2.31,1.15,0.38,8.67,185.5,72.0,75.0,Middleweight Division,33.0,16,-6,3.0,0.19,7.0,0.44,6.0,0.38
841.0,Sam Stout,0.29,0.38,4.17,4.08,0.57,0.78,0.63,0.13,0.19,11.92,155.0,69.0,70.0,Lightweight Division,39.0,21,-12,0.0,0.0,0.0,0.0,0.0,0.0
842.0,Sean Strickland,0.43,0.64,5.95,4.57,0.61,0.76,0.73,0.16,0.24,16.05,185.0,73.0,76.0,Middleweight Division,33.0,29,-7,11.0,0.38,14.0,0.48,4.0,0.14
843.0,Stefan Struve,0.47,0.47,3.12,4.04,0.47,0.56,0.56,1.68,0.24,7.82,265.0,84.0,84.5,Heavyweight Division,35.0,33,-13,8.0,0.24,7.0,0.21,18.0,0.55
844.0,Tatiana Suarez,0.62,0.47,3.22,1.58,0.47,0.8,4.65,0.66,0.0,11.3,114.5,65.0,66.0,Women's Strawweight Division,34.0,11,-1,2.0,0.18,3.0,0.27,6.0,0.55
848.0,Cub Swanson,0.51,0.5,4.79,4.0,0.59,0.64,1.01,0.39,0.39,11.68,146.0,68.0,70.0,Featherweight Division,41.0,30,-14,14.0,0.47,12.0,0.4,4.0,0.13
850.0,Oumar Sy,0.59,0.4,4.81,1.71,0.74,1.0,3.21,0.8,0.0,9.37,215.7,76.0,83.0,Light Heavyweight Division,28.0,11,0,4.0,0.36,3.0,0.27,4.0,0.36
851.0,Klaudia Syguła,0.38,0.0,1.89,6.0,0.37,0.33,0.0,0.0,0.0,6.33,136.0,68.0,69.0,Women's Bantamweight Division,26.0,6,-2,2.0,0.33,3.0,0.5,1.0,0.17
854.0,Justin Tafa,0.54,0.0,4.05,5.11,0.47,0.53,0.0,0.0,1.1,5.45,266.0,72.0,74.0,Heavyweight Division,31.0,7,-5,7.0,1.0,0.0,0.0,0.0,0.0
856.0,Tatsuro Taira,0.6,0.44,2.99,2.69,0.47,0.45,2.73,1.64,0.36,11.8,125.5,67.0,70.0,Flyweight Division,25.0,16,-1,5.0,0.31,4.0,0.25,7.0,0.44
857.0,Payton Talbott,0.56,0.33,6.73,3.75,0.45,0.76,0.32,0.32,0.64,9.33,135.5,70.0,70.5,Bantamweight Division,26.0,9,-1,7.0,0.78,1.0,0.11,1.0,0.11
859.0,Miesha Tate,0.45,0.32,2.62,2.98,0.52,0.55,2.02,1.29,0.06,12.72,135.5,66.0,65.0,Women's Bantamweight Division,38.0,20,-9,4.0,0.2,8.0,0.4,8.0,0.4
860.0,Brad Tavares,0.43,0.27,3.43,3.31,0.55,0.81,0.74,0.0,0.19,12.9,185.0,73.0,74.0,Middleweight Division,37.0,20,-11,5.0,0.26,12.0,0.63,2.0,0.11
862.0,James Te Huna,0.51,0.38,4.04,2.99,0.63,0.59,2.75,0.25,0.5,6.0,205.0,74.0,75.0,Middleweight Division,41.0,18,-9,0.0,0.0,0.0,0.0,0.0,0.0
863.0,Glover Teixeira,0.5,0.34,3.73,4.43,0.51,0.6,2.11,0.94,0.33,10.33,205.0,74.0,76.0,Light Heavyweight Division,43.0,33,-9,18.0,0.55,5.0,0.15,10.0,0.3
867.0,David Teymur,0.43,0.33,4.69,3.53,0.55,0.78,0.94,0.0,0.71,10.63,156.0,69.0,73.0,Lightweight Division,34.0,8,-2,4.0,0.5,4.0,0.5,0.0,0.0
869.0,Colby Thicknesse,0.3,0.0,2.53,2.73,0.48,0.5,0.0,0.0,0.0,15.0,135.5,67.0,69.0,Bantamweight Division,25.0,7,-1,2.0,0.29,3.0,0.43,2.0,0.29
870.0,Stephen Thompson,0.46,0.42,4.11,3.02,0.55,0.63,0.25,0.0,0.49,14.5,171.0,72.0,75.0,Welterweight Division,42.0,17,-8,8.0,0.47,8.0,0.47,1.0,0.06
871.0,Denis Tiuliulin,0.41,0.43,3.61,5.23,0.38,0.72,0.96,0.0,0.64,7.83,191.5,73.0,77.0,Middleweight Division,36.0,11,-10,9.0,0.9,1.0,0.1,0.0,0.0
872.0,Duško Todorović,0.58,0.13,5.35,4.8,0.47,0.45,0.92,0.0,0.0,7.25,185.5,73.0,74.0,Middleweight Division,30.0,12,-5,8.0,0.67,1.0,0.08,3.0,0.25
873.0,Tuco Tokkos,0.39,0.4,2.51,4.99,0.48,0.33,2.65,0.0,0.0,7.55,206.0,76.0,76.0,Light Heavyweight Division,34.0,10,-5,6.0,0.6,2.0,0.2,2.0,0.2
874.0,Aleksandre Topuria,0.52,0.5,2.73,2.53,0.7,1.0,1.0,0.0,0.0,15.0,135.5,67.0,68.0,Bantamweight Division,29.0,6,-1,3.0,0.6,0.0,0.0,2.0,0.4
875.0,Ilia Topuria,0.47,0.61,4.69,3.84,0.64,0.93,2.02,1.1,1.1,10.23,145.0,67.0,69.0,Featherweight Division,28.0,16,0,6.0,0.38,2.0,0.13,8.0,0.5
876.0,Manuel Torres,0.56,0.67,7.17,4.53,0.52,0.89,2.26,1.13,3.4,2.65,169.0,70.0,73.5,Lightweight Division,29.0,15,-3,7.0,0.47,1.0,0.07,7.0,0.47
877.0,Antonio Trocoli,0.5,0.11,1.29,5.79,0.24,0.5,0.84,0.84,0.0,5.93,186.0,77.0,80.0,Middleweight Division,34.0,12,-5,3.0,0.25,4.0,0.33,5.0,0.42
878.0,Arman Tsarukyan,0.49,0.37,3.79,1.84,0.54,0.75,3.25,0.0,0.32,12.6,170.0,67.0,72.5,Lightweight Division,28.0,22,-3,9.0,0.41,8.0,0.36,5.0,0.23
879.0,Rei Tsuruya,0.61,0.5,2.28,1.31,0.47,0.5,5.45,2.54,0.0,10.33,133.0,66.0,68.0,Flyweight Division,22.0,10,0,4.0,0.44,1.0,0.11,4.0,0.44
880.0,Gavin Tucker,0.45,0.44,4.29,4.18,0.57,0.54,3.13,1.46,0.0,10.28,156.0,66.5,66.0,Featherweight Division,37.0,13,-3,4.0,0.31,3.0,0.23,6.0,0.46
881.0,Tai Tuivasa,0.47,0.0,3.77,5.18,0.44,0.58,0.0,0.0,1.04,7.23,265.0,74.0,75.0,Heavyweight Division,31.0,15,-8,14.0,0.93,1.0,0.07,0.0,0.0
883.0,Nyamjargal Tumendemberel,0.39,0.31,3.13,3.29,0.52,0.52,2.42,2.42,0.97,10.35,125.0,67.0,71.0,Flyweight Division,26.0,8,-1,2.0,0.25,1.0,0.13,5.0,0.63
884.0,Anton Turkalj,0.43,0.41,2.45,3.42,0.54,0.17,4.98,0.0,0.0,9.63,220.5,76.0,78.0,Light Heavyweight Division,27.0,8,-4,5.0,0.63,1.0,0.13,2.0,0.25
885.0,Wellington Turman,0.51,0.21,3.23,4.17,0.45,0.43,1.55,0.78,0.0,10.73,171.0,72.0,72.0,Welterweight Division,27.0,18,-8,4.0,0.22,6.0,0.33,8.0,0.44
886.0,Jalin Turner,0.49,0.56,5.6,4.57,0.42,0.74,0.79,1.11,1.27,7.28,155.5,75.0,77.0,Lightweight Division,29.0,14,-8,10.0,0.71,0.0,0.0,4.0,0.29
888.0,Marcin Tybura,0.49,0.33,3.57,3.26,0.55,0.77,1.42,0.13,0.06,11.07,251.0,75.0,78.0,Heavyweight Division,39.0,26,-9,10.0,0.38,9.0,0.35,7.0,0.27
889.0,Tagir Ulanbekov,0.47,0.47,3.13,3.2,0.49,0.64,3.56,1.68,0.21,11.93,125.5,67.0,70.0,Flyweight Division,33.0,16,-2,1.0,0.07,7.0,0.47,7.0,0.47
890.0,Carlos Ulberg,0.57,0.75,7.2,4.27,0.51,0.83,0.72,0.24,1.44,6.95,205.5,76.0,77.0,Light Heavyweight Division,34.0,12,-1,7.0,0.58,3.0,0.25,2.0,0.17
894.0,Kamaru Usman,0.52,0.45,4.36,2.74,0.54,0.9,2.82,0.1,0.48,17.45,184.5,72.0,76.0,Middleweight Division,37.0,20,-4,9.0,0.45,10.0,0.5,1.0,0.05
895.0,Mohammed Usman,0.37,0.18,3.41,4.41,0.5,0.6,0.69,0.0,0.23,13.12,245.0,74.0,79.0,Heavyweight Division,35.0,11,-4,4.0,0.36,5.0,0.45,2.0,0.18
899.0,Joshua Van,0.54,0.64,8.88,5.82,0.6,0.81,1.32,0.0,0.19,13.32,126.0,65.0,65.0,Flyweight Division,23.0,12,-2,6.0,0.5,4.0,0.33,2.0,0.17
900.0,Austin Vanderford,0.53,0.0,3.9,5.19,0.45,1.0,0.0,1.95,0.0,7.7,184.6,71.0,74.0,Welterweight Division,34.0,12,-2,4.0,0.33,5.0,0.42,3.0,0.25
901.0,Lando Vannata,0.45,0.38,4.52,4.76,0.55,0.69,1.09,0.3,0.5,11.65,156.0,69.0,71.0,Lightweight Division,31.0,12,-7,4.0,0.33,3.0,0.25,5.0,0.42
905.0,Cain Velasquez,0.58,0.45,6.37,2.33,0.57,0.86,5.13,0.38,1.28,6.88,248.0,73.5,77.0,Heavyweight Division,40.0,14,-3,12.0,0.86,2.0,0.14,0.0,0.0
906.0,Marlon Vera,0.49,0.39,4.27,5.37,0.5,0.73,0.51,0.83,0.56,13.48,136.0,68.0,70.5,Bantamweight Division,32.0,23,-10,8.0,0.35,5.0,0.22,10.0,0.43
909.0,Nikolay Veretennikov,0.6,0.0,3.4,3.33,0.55,0.6,0.0,0.0,0.0,15.0,170.5,73.0,74.0,Welterweight Division,35.0,12,-5,9.0,0.75,2.0,0.17,1.0,0.08
911.0,Marvin Vettori,0.46,0.45,4.56,4.24,0.57,0.69,1.66,0.47,0.06,16.92,185.5,72.0,74.0,Middleweight Division,31.0,19,-7,2.0,0.11,7.0,0.39,9.0,0.5
912.0,Polyana Viana,0.41,0.33,2.99,2.65,0.54,0.39,0.82,1.85,0.21,7.28,119.0,65.0,67.0,Women's Strawweight Division,31.0,13,-7,5.0,0.38,0.0,0.0,8.0,0.62
913.0,Ketlen Vieira,0.41,0.45,2.92,3.9,0.51,0.89,1.39,0.57,0.0,15.35,136.0,68.0,68.0,Women's Bantamweight Division,33.0,14,-4,2.0,0.14,8.0,0.57,4.0,0.29
914.0,Rodolfo Vieira,0.56,0.27,3.33,4.4,0.49,1.0,3.52,1.24,0.0,9.05,185.5,72.0,73.0,Middleweight Division,35.0,10,-3,1.0,0.1,0.0,0.0,9.0,0.9
915.0,Cheyanne Vlismas,0.51,0.33,4.93,2.57,0.65,0.67,0.25,0.25,0.25,12.2,115.5,63.0,63.0,Women's Strawweight Division,27.0,7,-3,2.0,0.29,5.0,0.71,0.0,0.0
918.0,Alexander Volkanovski,0.57,0.38,6.16,3.44,0.58,0.7,1.78,0.18,0.36,15.82,144.5,66.0,71.5,Featherweight Division,36.0,26,-4,13.0,0.52,9.0,0.36,3.0,0.12
919.0,Alexander Volkov,0.57,0.67,4.97,2.99,0.54,0.72,0.61,0.24,0.24,12.95,254.5,79.0,80.0,Heavyweight Division,36.0,38,-11,24.0,0.63,10.0,0.26,4.0,0.11
920.0,Jordan Vucenic,0.4,0.0,2.27,2.0,0.56,0.75,0.0,0.0,1.0,15.0,155.0,70.5,73.0,Lightweight Division,28.0,13,-3,2.0,0.15,5.0,0.38,6.0,0.46
922.0,Johnny Walker,0.53,1.0,3.87,3.12,0.44,0.57,0.45,0.89,0.6,6.72,206.0,78.0,82.0,Light Heavyweight Division,32.0,21,-9,16.0,0.76,2.0,0.1,3.0,0.14
928.0,Zhang Weili,0.54,0.46,5.15,2.77,0.54,0.74,2.24,0.52,0.26,14.52,115.0,64.0,63.0,Women's Strawweight Division,35.0,26,-3,11.0,0.42,7.0,0.27,8.0,0.31
929.0,Jeremiah Wells,0.43,0.44,2.41,1.31,0.49,0.8,3.08,0.84,0.56,8.92,186.0,69.0,74.0,Welterweight Division,37.0,12,-4,5.0,0.42,3.0,0.25,4.0,0.33
930.0,Sheldon Westcott,0.41,0.38,2.26,3.73,0.37,0.14,3.23,0.0,0.0,9.3,170.0,73.0,71.0,Welterweight Division,38.0,10,-3,4.0,0.4,2.0,0.2,4.0,0.4
932.0,Robert Whittaker,0.43,0.38,4.54,3.41,0.6,0.81,0.8,0.0,0.55,13.12,185.5,72.0,73.5,Middleweight Division,34.0,27,-8,11.0,0.41,11.0,0.41,5.0,0.19
934.0,Khaos Williams,0.38,0.0,5.36,5.19,0.44,0.6,0.0,0.0,0.9,9.27,169.5,72.0,77.0,Welterweight Division,30.0,15,-4,8.0,0.57,5.0,0.36,1.0,0.07
936.0,Eddie Wineland,0.29,0.33,3.4,3.76,0.68,0.86,0.34,0.14,0.88,9.63,135.0,67.5,69.0,Bantamweight Division,38.0,24,-16,15.0,0.63,5.0,0.21,4.0,0.17
938.0,Joanne Wood,0.51,0.56,7.1,4.89,0.51,0.59,1.52,0.32,0.24,11.0,125.0,66.0,65.5,Women's Flyweight Division,38.0,17,-8,5.0,0.29,11.0,0.65,1.0,0.06
939.0,Nathaniel Wood,0.51,0.48,5.75,4.0,0.56,0.73,1.56,0.52,0.31,13.13,154.8,66.0,69.0,Featherweight Division,31.0,21,-6,8.0,0.4,7.0,0.35,5.0,0.25
940.0,Val Woodburn,0.36,1.0,1.6,4.93,0.36,0.5,1.92,0.0,0.96,7.82,169.5,68.0,74.0,Welterweight Division,30.0,7,-2,5.0,0.71,2.0,0.29,0.0,0.0
941.0,Sean Woodson,0.47,0.63,5.66,4.2,0.59,0.84,0.63,0.38,0.5,11.9,145.5,74.5,78.0,Featherweight Division,32.0,13,-1,4.0,0.31,8.0,0.62,1.0,0.08
942.0,Song Yadong,0.44,0.4,4.49,3.96,0.56,0.72,0.66,0.17,0.58,12.93,148.0,68.0,67.0,Bantamweight Division,27.0,21,-8,9.0,0.43,9.0,0.43,3.0,0.14
943.0,Rani Yahya,0.39,0.31,1.71,2.08,0.5,0.29,2.73,1.82,0.0,10.02,145.0,66.0,67.0,Bantamweight Division,39.0,28,-12,0.0,0.0,7.0,0.25,21.0,0.75
944.0,Mohammad Yahya,0.43,1.0,2.38,4.96,0.39,0.43,0.76,0.76,0.0,9.88,170.9,69.0,73.0,Lightweight Division,30.0,12,-5,7.0,0.54,4.0,0.31,2.0,0.15
945.0,Yan Xiaonan,0.45,0.73,4.99,3.44,0.6,0.63,0.92,0.0,0.17,15.03,116.0,65.0,63.0,Women's Strawweight Division,35.0,19,-4,8.0,0.42,10.0,0.53,1.0,0.05
946.0,Petr Yan,0.54,0.49,5.11,4.13,0.59,0.85,1.61,0.12,0.62,17.28,135.5,67.5,67.0,Bantamweight Division,32.0,18,-5,7.0,0.39,10.0,0.56,1.0,0.06
947.0,Adrian Yanez,0.42,0.0,6.23,5.75,0.55,0.82,0.0,0.0,1.54,6.8,136.0,67.0,70.0,Bantamweight Division,31.0,17,-6,11.0,0.65,4.0,0.24,2.0,0.12
948.0,Dongi Yang,0.51,0.41,3.55,3.21,0.64,0.62,1.7,0.49,0.49,12.32,186.0,71.0,71.0,Middleweight Division,38.0,12,-3,0.0,0.0,0.0,0.0,0.0,0.0
949.0,Ashley Yoder,0.39,0.28,3.42,4.13,0.47,0.67,1.09,0.55,0.09,15.0,116.0,67.0,69.5,Women's Strawweight Division,35.0,8,-9,0.0,0.0,4.0,0.5,4.0,0.5
951.0,Shane Young,0.41,0.19,5.19,5.46,0.53,0.64,0.63,0.0,0.21,10.27,145.5,68.0,72.5,Featherweight Division,30.0,13,-8,6.0,0.46,3.0,0.23,4.0,0.31
952.0,Aiemann Zahabi,0.46,0.14,4.06,4.06,0.71,0.83,0.16,0.0,0.49,11.38,135.5,68.0,68.5,Bantamweight Division,37.0,12,-2,6.0,0.5,4.0,0.33,2.0,0.17
953.0,Youssef Zalal,0.51,0.31,3.07,1.8,0.67,0.59,2.09,1.32,0.22,12.43,146.0,70.0,72.0,Featherweight Division,28.0,17,-5,4.0,0.24,4.0,0.24,9.0,0.53
956.0,Daniel Zellhuber,0.41,0.25,6.26,6.02,0.56,0.94,0.18,0.18,0.36,13.9,169.4,73.0,77.0,Lightweight Division,25.0,15,-2,7.0,0.47,5.0,0.33,3.0,0.2
958.0,Daria Zhelezniakova,0.38,1.0,3.29,1.7,0.8,0.5,0.8,0.0,0.0,9.43,139.2,69.0,68.0,Women's Bantamweight Division,28.0,9,-2,5.0,0.63,3.0,0.38,0.0,0.0
960.0,Farès Ziam,0.52,0.41,2.85,1.62,0.65,0.7,1.62,0.25,0.12,13.35,156.0,73.0,75.0,Lightweight Division,27.0,17,-4,6.0,0.35,7.0,0.41,4.0,0.24
,Ian Machado Garry,0.55,0.52,4.72,2.82,0.74,0.49,0.49,0.0,0.0,13.35,171.0,75.0,74.5,Welterweight,25.0,15,1,7.0,0.47,7.0,0.47,1.0,0.07
